"ZoneName","Name","RecordType","Data","TTL","Age","TimeStamp","UpdatedAtSerial","whenCreated","whenChanged","showInAdvancedViewOnly","DistinguishedName"
"RootDNSServers","@","NS","m.root-servers.net.","0","0","[static]","0","26/02/2024 19:07:58","26/02/2024 19:07:58","True","DC=@,DC=RootDNSServers,CN=MicrosoftDNS,CN=System,DC=vulnAD,DC=lab"
"RootDNSServers","l.root-servers.net","AAAA","2001:0500:009f:0000:0000:0000:0000:0042","0","0","[static]","0","26/02/2024 19:07:58","26/02/2024 19:07:58","True","DC=l.root-servers.net,DC=RootDNSServers,CN=MicrosoftDNS,CN=System,DC=vulnAD,DC=lab"
"RootDNSServers","a.root-servers.net","AAAA","2001:0503:ba3e:0000:0000:0000:0002:0030","0","0","[static]","0","26/02/2024 19:07:58","26/02/2024 19:07:58","True","DC=a.root-servers.net,DC=RootDNSServers,CN=MicrosoftDNS,CN=System,DC=vulnAD,DC=lab"
"RootDNSServers","d.root-servers.net","AAAA","2001:0500:002d:0000:0000:0000:0000:000d","0","0","[static]","0","26/02/2024 19:07:58","26/02/2024 19:07:58","True","DC=d.root-servers.net,DC=RootDNSServers,CN=MicrosoftDNS,CN=System,DC=vulnAD,DC=lab"
"RootDNSServers","b.root-servers.net","AAAA","2801:01b8:0010:0000:0000:0000:0000:000b","0","0","[static]","0","26/02/2024 19:07:58","26/02/2024 19:07:58","True","DC=b.root-servers.net,DC=RootDNSServers,CN=MicrosoftDNS,CN=System,DC=vulnAD,DC=lab"
"RootDNSServers","f.root-servers.net","AAAA","2001:0500:002f:0000:0000:0000:0000:000f","0","0","[static]","0","26/02/2024 19:07:58","26/02/2024 19:07:58","True","DC=f.root-servers.net,DC=RootDNSServers,CN=MicrosoftDNS,CN=System,DC=vulnAD,DC=lab"
"RootDNSServers","h.root-servers.net","AAAA","2001:0500:0001:0000:0000:0000:0000:0053","0","0","[static]","0","26/02/2024 19:07:58","26/02/2024 19:07:58","True","DC=h.root-servers.net,DC=RootDNSServers,CN=MicrosoftDNS,CN=System,DC=vulnAD,DC=lab"
"RootDNSServers","j.root-servers.net","AAAA","2001:0503:0c27:0000:0000:0000:0002:0030","0","0","[static]","0","26/02/2024 19:07:58","26/02/2024 19:07:58","True","DC=j.root-servers.net,DC=RootDNSServers,CN=MicrosoftDNS,CN=System,DC=vulnAD,DC=lab"
"RootDNSServers","c.root-servers.net","AAAA","2001:0500:0002:0000:0000:0000:0000:000c","0","0","[static]","0","26/02/2024 19:07:58","26/02/2024 19:07:58","True","DC=c.root-servers.net,DC=RootDNSServers,CN=MicrosoftDNS,CN=System,DC=vulnAD,DC=lab"
"RootDNSServers","e.root-servers.net","AAAA","2001:0500:00a8:0000:0000:0000:0000:000e","0","0","[static]","0","26/02/2024 19:07:58","26/02/2024 19:07:58","True","DC=e.root-servers.net,DC=RootDNSServers,CN=MicrosoftDNS,CN=System,DC=vulnAD,DC=lab"
"RootDNSServers","i.root-servers.net","AAAA","2001:07fe:0000:0000:0000:0000:0000:0053","0","0","[static]","0","26/02/2024 19:07:58","26/02/2024 19:07:58","True","DC=i.root-servers.net,DC=RootDNSServers,CN=MicrosoftDNS,CN=System,DC=vulnAD,DC=lab"
"RootDNSServers","g.root-servers.net","AAAA","2001:0500:0012:0000:0000:0000:0000:0d0d","0","0","[static]","0","26/02/2024 19:07:58","26/02/2024 19:07:58","True","DC=g.root-servers.net,DC=RootDNSServers,CN=MicrosoftDNS,CN=System,DC=vulnAD,DC=lab"
"RootDNSServers","k.root-servers.net","AAAA","2001:07fd:0000:0000:0000:0000:0000:0001","0","0","[static]","0","26/02/2024 19:07:58","26/02/2024 19:07:58","True","DC=k.root-servers.net,DC=RootDNSServers,CN=MicrosoftDNS,CN=System,DC=vulnAD,DC=lab"
"RootDNSServers","m.root-servers.net","AAAA","2001:0dc3:0000:0000:0000:0000:0000:0035","0","0","[static]","0","26/02/2024 19:07:58","26/02/2024 19:07:58","True","DC=m.root-servers.net,DC=RootDNSServers,CN=MicrosoftDNS,CN=System,DC=vulnAD,DC=lab"
"vulnAD.lab","@","SOA","[238][dc1.vulnad.lab.][hostmaster.vulnad.lab.][900][600][86400][3600]","3600","0","[static]","239","26/02/2024 19:16:07","27/03/2024 15:59:41","True","DC=@,DC=vulnAD.lab,CN=MicrosoftDNS,DC=DomainDnsZones,DC=vulnAD,DC=lab"
"vulnAD.lab","_gc._tcp","SRV","[0][100][3268][DC1.vulnAD.lab.]","600","3709291","26/02/2024 19:00:00","10","26/02/2024 19:16:07","26/02/2024 19:16:07","True","DC=_gc._tcp,DC=vulnAD.lab,CN=MicrosoftDNS,DC=DomainDnsZones,DC=vulnAD,DC=lab"
"vulnAD.lab","_gc._tcp.Default-First-Site-Name._sites","SRV","[0][100][3268][DC1.vulnAD.lab.]","600","3709291","26/02/2024 19:00:00","11","26/02/2024 19:16:07","26/02/2024 19:16:07","True","DC=_gc._tcp.Default-First-Site-Name._sites,DC=vulnAD.lab,CN=MicrosoftDNS,DC=DomainDnsZones,DC=vulnAD,DC=lab"
"vulnAD.lab","_kerberos._tcp","SRV","[0][100][88][DC1.vulnAD.lab.]","600","3709291","26/02/2024 19:00:00","8","26/02/2024 19:16:07","26/02/2024 19:16:07","True","DC=_kerberos._tcp,DC=vulnAD.lab,CN=MicrosoftDNS,DC=DomainDnsZones,DC=vulnAD,DC=lab"
"vulnAD.lab","_kerberos._tcp.Default-First-Site-Name._sites","SRV","[0][100][88][DC1.vulnAD.lab.]","600","3709291","26/02/2024 19:00:00","9","26/02/2024 19:16:07","26/02/2024 19:16:07","True","DC=_kerberos._tcp.Default-First-Site-Name._sites,DC=vulnAD.lab,CN=MicrosoftDNS,DC=DomainDnsZones,DC=vulnAD,DC=lab"
"vulnAD.lab","_kerberos._udp","SRV","[0][100][88][DC1.vulnAD.lab.]","600","3709291","26/02/2024 19:00:00","12","26/02/2024 19:16:07","26/02/2024 19:16:07","True","DC=_kerberos._udp,DC=vulnAD.lab,CN=MicrosoftDNS,DC=DomainDnsZones,DC=vulnAD,DC=lab"
"vulnAD.lab","_kpasswd._tcp","SRV","[0][100][464][DC1.vulnAD.lab.]","600","3709291","26/02/2024 19:00:00","13","26/02/2024 19:16:07","26/02/2024 19:16:07","True","DC=_kpasswd._tcp,DC=vulnAD.lab,CN=MicrosoftDNS,DC=DomainDnsZones,DC=vulnAD,DC=lab"
"vulnAD.lab","_kpasswd._udp","SRV","[0][100][464][DC1.vulnAD.lab.]","600","3709291","26/02/2024 19:00:00","14","26/02/2024 19:16:07","26/02/2024 19:16:07","True","DC=_kpasswd._udp,DC=vulnAD.lab,CN=MicrosoftDNS,DC=DomainDnsZones,DC=vulnAD,DC=lab"
"vulnAD.lab","_ldap._tcp","SRV","[0][100][389][DC1.vulnAD.lab.]","600","3709291","26/02/2024 19:00:00","6","26/02/2024 19:16:07","26/02/2024 19:16:07","True","DC=_ldap._tcp,DC=vulnAD.lab,CN=MicrosoftDNS,DC=DomainDnsZones,DC=vulnAD,DC=lab"
"vulnAD.lab","_ldap._tcp.Default-First-Site-Name._sites","SRV","[0][100][389][DC1.vulnAD.lab.]","600","3709291","26/02/2024 19:00:00","7","26/02/2024 19:16:07","26/02/2024 19:16:07","True","DC=_ldap._tcp.Default-First-Site-Name._sites,DC=vulnAD.lab,CN=MicrosoftDNS,DC=DomainDnsZones,DC=vulnAD,DC=lab"
"vulnAD.lab","_ldap._tcp.Default-First-Site-Name._sites.DomainDnsZones","SRV","[0][100][389][DC1.vulnAD.lab.]","600","3709291","26/02/2024 19:00:00","19","26/02/2024 19:16:07","26/02/2024 19:16:07","True","DC=_ldap._tcp.Default-First-Site-Name._sites.DomainDnsZones,DC=vulnAD.lab,CN=MicrosoftDNS,DC=DomainDnsZones,DC=vulnAD,DC=lab"
"vulnAD.lab","_ldap._tcp.DomainDnsZones","SRV","[0][100][389][DC1.vulnAD.lab.]","600","3709291","26/02/2024 19:00:00","18","26/02/2024 19:16:07","26/02/2024 19:16:07","True","DC=_ldap._tcp.DomainDnsZones,DC=vulnAD.lab,CN=MicrosoftDNS,DC=DomainDnsZones,DC=vulnAD,DC=lab"
"vulnAD.lab","_msdcs","NS","dc1.vulnad.lab.","3600","0","[static]","3","26/02/2024 19:16:07","26/02/2024 19:16:07","True","DC=_msdcs,DC=vulnAD.lab,CN=MicrosoftDNS,DC=DomainDnsZones,DC=vulnAD,DC=lab"
"vulnAD.lab","dc1","A","192.168.56.2","3600","0","[static]","246","26/02/2024 19:16:07","27/03/2024 17:54:26","True","DC=dc1,DC=vulnAD.lab,CN=MicrosoftDNS,DC=DomainDnsZones,DC=vulnAD,DC=lab"
"vulnAD.lab","DomainDnsZones","A","10.0.2.1","600","3710007","27/03/2024 15:00:00","241","26/02/2024 19:16:07","27/03/2024 15:59:41","True","DC=DomainDnsZones,DC=vulnAD.lab,CN=MicrosoftDNS,DC=DomainDnsZones,DC=vulnAD,DC=lab"
"vulnAD.lab","ForestDnsZones","A","10.0.2.1","600","3710007","27/03/2024 15:00:00","240","26/02/2024 19:16:07","27/03/2024 15:59:41","True","DC=ForestDnsZones,DC=vulnAD.lab,CN=MicrosoftDNS,DC=DomainDnsZones,DC=vulnAD,DC=lab"
"vulnAD.lab","WIN10-PC","A","192.168.56.10","1200","3709626","11/03/2024 18:00:00","138","26/02/2024 19:16:07","11/03/2024 18:26:29","True","DC=WIN10-PC,DC=vulnAD.lab,CN=MicrosoftDNS,DC=DomainDnsZones,DC=vulnAD,DC=lab"
"vulnAD.lab","_ldap._tcp.ForestDnsZones","SRV","[0][100][389][DC1.vulnAD.lab.]","600","3709291","26/02/2024 19:00:00","22","26/02/2024 19:16:08","26/02/2024 19:16:08","True","DC=_ldap._tcp.ForestDnsZones,DC=vulnAD.lab,CN=MicrosoftDNS,DC=DomainDnsZones,DC=vulnAD,DC=lab"
"vulnAD.lab","_ldap._tcp.Default-First-Site-Name._sites.ForestDnsZones","SRV","[0][100][389][DC1.vulnAD.lab.]","600","3709291","26/02/2024 19:00:00","23","26/02/2024 19:16:08","26/02/2024 19:16:08","True","DC=_ldap._tcp.Default-First-Site-Name._sites.ForestDnsZones,DC=vulnAD.lab,CN=MicrosoftDNS,DC=DomainDnsZones,DC=vulnAD,DC=lab"
"RootDNSServers","@","NS","m.root-servers.net.","0","0","[static]","0","26/02/2024 19:16:07","26/02/2024 19:16:07","True","DC=@,DC=RootDNSServers,CN=MicrosoftDNS,DC=DomainDnsZones,DC=vulnAD,DC=lab"
"RootDNSServers","l.root-servers.net","AAAA","2001:0500:009f:0000:0000:0000:0000:0042","0","0","[static]","0","26/02/2024 19:16:07","26/02/2024 19:16:07","True","DC=l.root-servers.net,DC=RootDNSServers,CN=MicrosoftDNS,DC=DomainDnsZones,DC=vulnAD,DC=lab"
"RootDNSServers","a.root-servers.net","AAAA","2001:0503:ba3e:0000:0000:0000:0002:0030","0","0","[static]","0","26/02/2024 19:16:07","26/02/2024 19:16:07","True","DC=a.root-servers.net,DC=RootDNSServers,CN=MicrosoftDNS,DC=DomainDnsZones,DC=vulnAD,DC=lab"
"RootDNSServers","d.root-servers.net","AAAA","2001:0500:002d:0000:0000:0000:0000:000d","0","0","[static]","0","26/02/2024 19:16:07","26/02/2024 19:16:07","True","DC=d.root-servers.net,DC=RootDNSServers,CN=MicrosoftDNS,DC=DomainDnsZones,DC=vulnAD,DC=lab"
"RootDNSServers","b.root-servers.net","AAAA","2801:01b8:0010:0000:0000:0000:0000:000b","0","0","[static]","0","26/02/2024 19:16:07","26/02/2024 19:16:07","True","DC=b.root-servers.net,DC=RootDNSServers,CN=MicrosoftDNS,DC=DomainDnsZones,DC=vulnAD,DC=lab"
"RootDNSServers","f.root-servers.net","AAAA","2001:0500:002f:0000:0000:0000:0000:000f","0","0","[static]","0","26/02/2024 19:16:07","26/02/2024 19:16:07","True","DC=f.root-servers.net,DC=RootDNSServers,CN=MicrosoftDNS,DC=DomainDnsZones,DC=vulnAD,DC=lab"
"RootDNSServers","h.root-servers.net","AAAA","2001:0500:0001:0000:0000:0000:0000:0053","0","0","[static]","0","26/02/2024 19:16:07","26/02/2024 19:16:07","True","DC=h.root-servers.net,DC=RootDNSServers,CN=MicrosoftDNS,DC=DomainDnsZones,DC=vulnAD,DC=lab"
"RootDNSServers","j.root-servers.net","AAAA","2001:0503:0c27:0000:0000:0000:0002:0030","0","0","[static]","0","26/02/2024 19:16:07","26/02/2024 19:16:07","True","DC=j.root-servers.net,DC=RootDNSServers,CN=MicrosoftDNS,DC=DomainDnsZones,DC=vulnAD,DC=lab"
"RootDNSServers","c.root-servers.net","AAAA","2001:0500:0002:0000:0000:0000:0000:000c","0","0","[static]","0","26/02/2024 19:16:07","26/02/2024 19:16:07","True","DC=c.root-servers.net,DC=RootDNSServers,CN=MicrosoftDNS,DC=DomainDnsZones,DC=vulnAD,DC=lab"
"RootDNSServers","e.root-servers.net","AAAA","2001:0500:00a8:0000:0000:0000:0000:000e","0","0","[static]","0","26/02/2024 19:16:07","26/02/2024 19:16:07","True","DC=e.root-servers.net,DC=RootDNSServers,CN=MicrosoftDNS,DC=DomainDnsZones,DC=vulnAD,DC=lab"
"RootDNSServers","i.root-servers.net","AAAA","2001:07fe:0000:0000:0000:0000:0000:0053","0","0","[static]","0","26/02/2024 19:16:07","26/02/2024 19:16:07","True","DC=i.root-servers.net,DC=RootDNSServers,CN=MicrosoftDNS,DC=DomainDnsZones,DC=vulnAD,DC=lab"
"RootDNSServers","g.root-servers.net","AAAA","2001:0500:0012:0000:0000:0000:0000:0d0d","0","0","[static]","0","26/02/2024 19:16:07","26/02/2024 19:16:07","True","DC=g.root-servers.net,DC=RootDNSServers,CN=MicrosoftDNS,DC=DomainDnsZones,DC=vulnAD,DC=lab"
"RootDNSServers","k.root-servers.net","AAAA","2001:07fd:0000:0000:0000:0000:0000:0001","0","0","[static]","0","26/02/2024 19:16:07","26/02/2024 19:16:07","True","DC=k.root-servers.net,DC=RootDNSServers,CN=MicrosoftDNS,DC=DomainDnsZones,DC=vulnAD,DC=lab"
"RootDNSServers","m.root-servers.net","AAAA","2001:0dc3:0000:0000:0000:0000:0000:0035","0","0","[static]","0","26/02/2024 19:16:07","26/02/2024 19:16:07","True","DC=m.root-servers.net,DC=RootDNSServers,CN=MicrosoftDNS,DC=DomainDnsZones,DC=vulnAD,DC=lab"
"_msdcs.vulnAD.lab","@","NS","dc1.vulnad.lab.","3600","0","[static]","2","26/02/2024 19:16:07","26/02/2024 19:16:07","True","DC=@,DC=_msdcs.vulnAD.lab,CN=MicrosoftDNS,DC=ForestDnsZones,DC=vulnAD,DC=lab"
"_msdcs.vulnAD.lab","_kerberos._tcp.dc","SRV","[0][100][88][DC1.vulnAD.lab.]","600","3709291","26/02/2024 19:00:00","12","26/02/2024 19:16:07","26/02/2024 19:16:07","True","DC=_kerberos._tcp.dc,DC=_msdcs.vulnAD.lab,CN=MicrosoftDNS,DC=ForestDnsZones,DC=vulnAD,DC=lab"
"_msdcs.vulnAD.lab","_kerberos._tcp.Default-First-Site-Name._sites.dc","SRV","[0][100][88][DC1.vulnAD.lab.]","600","3709291","26/02/2024 19:00:00","13","26/02/2024 19:16:07","26/02/2024 19:16:07","True","DC=_kerberos._tcp.Default-First-Site-Name._sites.dc,DC=_msdcs.vulnAD.lab,CN=MicrosoftDNS,DC=ForestDnsZones,DC=vulnAD,DC=lab"
"_msdcs.vulnAD.lab","_ldap._tcp.dc","SRV","[0][100][389][DC1.vulnAD.lab.]","600","3709291","26/02/2024 19:00:00","6","26/02/2024 19:16:07","26/02/2024 19:16:07","True","DC=_ldap._tcp.dc,DC=_msdcs.vulnAD.lab,CN=MicrosoftDNS,DC=ForestDnsZones,DC=vulnAD,DC=lab"
"_msdcs.vulnAD.lab","_ldap._tcp.de8962d3-1b49-4ddf-99d9-cabe2490efa0.domains","SRV","[0][100][389][DC1.vulnAD.lab.]","600","3709291","26/02/2024 19:00:00","4","26/02/2024 19:16:07","26/02/2024 19:16:07","True","DC=_ldap._tcp.de8962d3-1b49-4ddf-99d9-cabe2490efa0.domains,DC=_msdcs.vulnAD.lab,CN=MicrosoftDNS,DC=ForestDnsZones,DC=vulnAD,DC=lab"
"_msdcs.vulnAD.lab","_ldap._tcp.Default-First-Site-Name._sites.dc","SRV","[0][100][389][DC1.vulnAD.lab.]","600","3709291","26/02/2024 19:00:00","7","26/02/2024 19:16:07","26/02/2024 19:16:07","True","DC=_ldap._tcp.Default-First-Site-Name._sites.dc,DC=_msdcs.vulnAD.lab,CN=MicrosoftDNS,DC=ForestDnsZones,DC=vulnAD,DC=lab"
"_msdcs.vulnAD.lab","_ldap._tcp.Default-First-Site-Name._sites.gc","SRV","[0][100][3268][DC1.vulnAD.lab.]","600","3709291","26/02/2024 19:00:00","9","26/02/2024 19:16:07","26/02/2024 19:16:07","True","DC=_ldap._tcp.Default-First-Site-Name._sites.gc,DC=_msdcs.vulnAD.lab,CN=MicrosoftDNS,DC=ForestDnsZones,DC=vulnAD,DC=lab"
"_msdcs.vulnAD.lab","_ldap._tcp.gc","SRV","[0][100][3268][DC1.vulnAD.lab.]","600","3709291","26/02/2024 19:00:00","8","26/02/2024 19:16:07","26/02/2024 19:16:07","True","DC=_ldap._tcp.gc,DC=_msdcs.vulnAD.lab,CN=MicrosoftDNS,DC=ForestDnsZones,DC=vulnAD,DC=lab"
"_msdcs.vulnAD.lab","_ldap._tcp.pdc","SRV","[0][100][389][DC1.vulnAD.lab.]","600","3709291","26/02/2024 19:00:00","3","26/02/2024 19:16:07","26/02/2024 19:16:07","True","DC=_ldap._tcp.pdc,DC=_msdcs.vulnAD.lab,CN=MicrosoftDNS,DC=ForestDnsZones,DC=vulnAD,DC=lab"
"_msdcs.vulnAD.lab","e859e63c-783c-40c2-9f48-1b5c138e6674","CNAME","DC1.vulnAD.lab.","600","3709291","26/02/2024 19:00:00","5","26/02/2024 19:16:07","26/02/2024 19:16:07","True","DC=e859e63c-783c-40c2-9f48-1b5c138e6674,DC=_msdcs.vulnAD.lab,CN=MicrosoftDNS,DC=ForestDnsZones,DC=vulnAD,DC=lab"
"_msdcs.vulnAD.lab","gc","A","10.0.2.1","600","3710007","27/03/2024 15:00:00","51","26/02/2024 19:16:07","27/03/2024 15:59:41","True","DC=gc,DC=_msdcs.vulnAD.lab,CN=MicrosoftDNS,DC=ForestDnsZones,DC=vulnAD,DC=lab"
