"Name","AdminCount","GroupCategory","GroupScope","ManagedBy","SID","SIDHistory","Description","whenCreated","whenChanged","DistinguishedName","CanonicalName"
"Administrators","1","Security","DomainLocal","","S-1-5-32-544","","Administrators have complete and unrestricted access to the computer/domain","26/02/2024 19:06:38","08/03/2024 22:08:18","CN=Administrators,CN=Builtin,DC=vulnAD,DC=lab","vulnAD.lab/Builtin/Administrators"
"Users","","Security","DomainLocal","","S-1-5-32-545","","Users are prevented from making accidental or intentional system-wide changes and can run most applications","26/02/2024 19:06:38","26/02/2024 19:07:19","CN=Users,CN=Builtin,DC=vulnAD,DC=lab","vulnAD.lab/Builtin/Users"
"Guests","","Security","DomainLocal","","S-1-5-32-546","","Guests have the same access as members of the Users group by default, except for the Guest account which is further restricted","26/02/2024 19:06:38","26/02/2024 19:07:19","CN=Guests,CN=Builtin,DC=vulnAD,DC=lab","vulnAD.lab/Builtin/Guests"
"Print Operators","1","Security","DomainLocal","","S-1-5-32-550","","Members can administer printers installed on domain controllers","26/02/2024 19:06:38","26/02/2024 19:39:20","CN=Print Operators,CN=Builtin,DC=vulnAD,DC=lab","vulnAD.lab/Builtin/Print Operators"
"Backup Operators","1","Security","DomainLocal","","S-1-5-32-551","","Backup Operators can override security restrictions for the sole purpose of backing up or restoring files","26/02/2024 19:06:38","26/02/2024 19:39:20","CN=Backup Operators,CN=Builtin,DC=vulnAD,DC=lab","vulnAD.lab/Builtin/Backup Operators"
"Replicator","1","Security","DomainLocal","","S-1-5-32-552","","Supports file replication in a domain","26/02/2024 19:06:38","26/02/2024 19:39:20","CN=Replicator,CN=Builtin,DC=vulnAD,DC=lab","vulnAD.lab/Builtin/Replicator"
"Remote Desktop Users","","Security","DomainLocal","","S-1-5-32-555","","Members in this group are granted the right to logon remotely","26/02/2024 19:06:38","26/02/2024 19:06:38","CN=Remote Desktop Users,CN=Builtin,DC=vulnAD,DC=lab","vulnAD.lab/Builtin/Remote Desktop Users"
"Network Configuration Operators","","Security","DomainLocal","","S-1-5-32-556","","Members in this group can have some administrative privileges to manage configuration of networking features","26/02/2024 19:06:38","26/02/2024 19:06:38","CN=Network Configuration Operators,CN=Builtin,DC=vulnAD,DC=lab","vulnAD.lab/Builtin/Network Configuration Operators"
"Performance Monitor Users","","Security","DomainLocal","","S-1-5-32-558","","Members of this group can access performance counter data locally and remotely","26/02/2024 19:06:38","26/02/2024 19:06:38","CN=Performance Monitor Users,CN=Builtin,DC=vulnAD,DC=lab","vulnAD.lab/Builtin/Performance Monitor Users"
"Performance Log Users","","Security","DomainLocal","","S-1-5-32-559","","Members of this group may schedule logging of performance counters, enable trace providers, and collect event traces both locally and via remote access to this computer","26/02/2024 19:06:38","26/02/2024 19:06:38","CN=Performance Log Users,CN=Builtin,DC=vulnAD,DC=lab","vulnAD.lab/Builtin/Performance Log Users"
"Distributed COM Users","","Security","DomainLocal","","S-1-5-32-562","","Members are allowed to launch, activate and use Distributed COM objects on this machine.","26/02/2024 19:06:38","26/02/2024 19:06:38","CN=Distributed COM Users,CN=Builtin,DC=vulnAD,DC=lab","vulnAD.lab/Builtin/Distributed COM Users"
"IIS_IUSRS","","Security","DomainLocal","","S-1-5-32-568","","Built-in group used by Internet Information Services.","26/02/2024 19:06:38","26/02/2024 19:06:38","CN=IIS_IUSRS,CN=Builtin,DC=vulnAD,DC=lab","vulnAD.lab/Builtin/IIS_IUSRS"
"Cryptographic Operators","","Security","DomainLocal","","S-1-5-32-569","","Members are authorized to perform cryptographic operations.","26/02/2024 19:06:38","26/02/2024 19:06:38","CN=Cryptographic Operators,CN=Builtin,DC=vulnAD,DC=lab","vulnAD.lab/Builtin/Cryptographic Operators"
"Event Log Readers","","Security","DomainLocal","","S-1-5-32-573","","Members of this group can read event logs from local machine","26/02/2024 19:06:38","26/02/2024 19:06:38","CN=Event Log Readers,CN=Builtin,DC=vulnAD,DC=lab","vulnAD.lab/Builtin/Event Log Readers"
"Certificate Service DCOM Access","","Security","DomainLocal","","S-1-5-32-574","","Members of this group are allowed to connect to Certification Authorities in the enterprise","26/02/2024 19:06:38","26/02/2024 19:06:38","CN=Certificate Service DCOM Access,CN=Builtin,DC=vulnAD,DC=lab","vulnAD.lab/Builtin/Certificate Service DCOM Access"
"RDS Remote Access Servers","","Security","DomainLocal","","S-1-5-32-575","","Servers in this group enable users of RemoteApp programs and personal virtual desktops access to these resources. In Internet-facing deployments, these servers are typically deployed in an edge network. This group needs to be populated on servers running RD Connection Broker. RD Gateway servers and RD Web Access servers used in the deployment need to be in this group.","26/02/2024 19:06:38","26/02/2024 19:06:38","CN=RDS Remote Access Servers,CN=Builtin,DC=vulnAD,DC=lab","vulnAD.lab/Builtin/RDS Remote Access Servers"
"RDS Endpoint Servers","","Security","DomainLocal","","S-1-5-32-576","","Servers in this group run virtual machines and host sessions where users RemoteApp programs and personal virtual desktops run. This group needs to be populated on servers running RD Connection Broker. RD Session Host servers and RD Virtualization Host servers used in the deployment need to be in this group.","26/02/2024 19:06:38","26/02/2024 19:06:38","CN=RDS Endpoint Servers,CN=Builtin,DC=vulnAD,DC=lab","vulnAD.lab/Builtin/RDS Endpoint Servers"
"RDS Management Servers","","Security","DomainLocal","","S-1-5-32-577","","Servers in this group can perform routine administrative actions on servers running Remote Desktop Services. This group needs to be populated on all servers in a Remote Desktop Services deployment. The servers running the RDS Central Management service must be included in this group.","26/02/2024 19:06:38","26/02/2024 19:06:38","CN=RDS Management Servers,CN=Builtin,DC=vulnAD,DC=lab","vulnAD.lab/Builtin/RDS Management Servers"
"Hyper-V Administrators","","Security","DomainLocal","","S-1-5-32-578","","Members of this group have complete and unrestricted access to all features of Hyper-V.","26/02/2024 19:06:38","26/02/2024 19:06:38","CN=Hyper-V Administrators,CN=Builtin,DC=vulnAD,DC=lab","vulnAD.lab/Builtin/Hyper-V Administrators"
"Access Control Assistance Operators","","Security","DomainLocal","","S-1-5-32-579","","Members of this group can remotely query authorization attributes and permissions for resources on this computer.","26/02/2024 19:06:38","26/02/2024 19:06:38","CN=Access Control Assistance Operators,CN=Builtin,DC=vulnAD,DC=lab","vulnAD.lab/Builtin/Access Control Assistance Operators"
"Remote Management Users","","Security","DomainLocal","","S-1-5-32-580","","Members of this group can access WMI resources over management protocols (such as WS-Management via the Windows Remote Management service). This applies only to WMI namespaces that grant access to the user.","26/02/2024 19:06:38","26/02/2024 19:06:38","CN=Remote Management Users,CN=Builtin,DC=vulnAD,DC=lab","vulnAD.lab/Builtin/Remote Management Users"
"Storage Replica Administrators","","Security","DomainLocal","","S-1-5-32-582","","Members of this group have complete and unrestricted access to all features of Storage Replica.","26/02/2024 19:06:38","26/02/2024 19:06:38","CN=Storage Replica Administrators,CN=Builtin,DC=vulnAD,DC=lab","vulnAD.lab/Builtin/Storage Replica Administrators"
"Domain Computers","","Security","Global","","S-1-5-21-3315857282-1874637017-3390236716-515","","All workstations and servers joined to the domain","26/02/2024 19:07:19","26/02/2024 19:07:19","CN=Domain Computers,CN=Users,DC=vulnAD,DC=lab","vulnAD.lab/Users/Domain Computers"
"Domain Controllers","1","Security","Global","","S-1-5-21-3315857282-1874637017-3390236716-516","","All domain controllers in the domain","26/02/2024 19:07:19","26/02/2024 19:39:20","CN=Domain Controllers,CN=Users,DC=vulnAD,DC=lab","vulnAD.lab/Users/Domain Controllers"
"Schema Admins","1","Security","Universal","","S-1-5-21-3315857282-1874637017-3390236716-518","","Designated administrators of the schema","26/02/2024 19:07:19","26/02/2024 19:39:20","CN=Schema Admins,CN=Users,DC=vulnAD,DC=lab","vulnAD.lab/Users/Schema Admins"
"Enterprise Admins","1","Security","Universal","","S-1-5-21-3315857282-1874637017-3390236716-519","","Designated administrators of the enterprise","26/02/2024 19:07:19","26/02/2024 19:39:20","CN=Enterprise Admins,CN=Users,DC=vulnAD,DC=lab","vulnAD.lab/Users/Enterprise Admins"
"Cert Publishers","","Security","DomainLocal","","S-1-5-21-3315857282-1874637017-3390236716-517","","Members of this group are permitted to publish certificates to the directory","26/02/2024 19:07:19","26/02/2024 19:07:19","CN=Cert Publishers,CN=Users,DC=vulnAD,DC=lab","vulnAD.lab/Users/Cert Publishers"
"Domain Admins","1","Security","Global","","S-1-5-21-3315857282-1874637017-3390236716-512","","Designated administrators of the domain","26/02/2024 19:07:19","11/03/2024 16:00:12","CN=Domain Admins,CN=Users,DC=vulnAD,DC=lab","vulnAD.lab/Users/Domain Admins"
"Domain Users","","Security","Global","","S-1-5-21-3315857282-1874637017-3390236716-513","","All domain users","26/02/2024 19:07:19","26/02/2024 19:07:19","CN=Domain Users,CN=Users,DC=vulnAD,DC=lab","vulnAD.lab/Users/Domain Users"
"Domain Guests","","Security","Global","","S-1-5-21-3315857282-1874637017-3390236716-514","","All domain guests","26/02/2024 19:07:19","26/02/2024 19:07:19","CN=Domain Guests,CN=Users,DC=vulnAD,DC=lab","vulnAD.lab/Users/Domain Guests"
"Group Policy Creator Owners","","Security","Global","","S-1-5-21-3315857282-1874637017-3390236716-520","","Members in this group can modify group policy for the domain","26/02/2024 19:07:19","26/02/2024 19:07:19","CN=Group Policy Creator Owners,CN=Users,DC=vulnAD,DC=lab","vulnAD.lab/Users/Group Policy Creator Owners"
"RAS and IAS Servers","","Security","DomainLocal","","S-1-5-21-3315857282-1874637017-3390236716-553","","Servers in this group can access remote access properties of users","26/02/2024 19:07:19","26/02/2024 19:07:19","CN=RAS and IAS Servers,CN=Users,DC=vulnAD,DC=lab","vulnAD.lab/Users/RAS and IAS Servers"
"Server Operators","1","Security","DomainLocal","","S-1-5-32-549","","Members can administer domain servers","26/02/2024 19:07:19","26/02/2024 19:39:20","CN=Server Operators,CN=Builtin,DC=vulnAD,DC=lab","vulnAD.lab/Builtin/Server Operators"
"Account Operators","1","Security","DomainLocal","","S-1-5-32-548","","Members can administer domain user and group accounts","26/02/2024 19:07:19","26/02/2024 19:39:20","CN=Account Operators,CN=Builtin,DC=vulnAD,DC=lab","vulnAD.lab/Builtin/Account Operators"
"Pre-Windows 2000 Compatible Access","","Security","DomainLocal","","S-1-5-32-554","","A backward compatibility group which allows read access on all users and groups in the domain","26/02/2024 19:07:19","26/02/2024 19:07:19","CN=Pre-Windows 2000 Compatible Access,CN=Builtin,DC=vulnAD,DC=lab","vulnAD.lab/Builtin/Pre-Windows 2000 Compatible Access"
"Incoming Forest Trust Builders","","Security","DomainLocal","","S-1-5-32-557","","Members of this group can create incoming, one-way trusts to this forest","26/02/2024 19:07:19","26/02/2024 19:07:19","CN=Incoming Forest Trust Builders,CN=Builtin,DC=vulnAD,DC=lab","vulnAD.lab/Builtin/Incoming Forest Trust Builders"
"Windows Authorization Access Group","","Security","DomainLocal","","S-1-5-32-560","","Members of this group have access to the computed tokenGroupsGlobalAndUniversal attribute on User objects","26/02/2024 19:07:19","26/02/2024 19:07:19","CN=Windows Authorization Access Group,CN=Builtin,DC=vulnAD,DC=lab","vulnAD.lab/Builtin/Windows Authorization Access Group"
"Terminal Server License Servers","","Security","DomainLocal","","S-1-5-32-561","","Members of this group can update user accounts in Active Directory with information about license issuance, for the purpose of tracking and reporting TS Per User CAL usage","26/02/2024 19:07:19","26/02/2024 19:07:19","CN=Terminal Server License Servers,CN=Builtin,DC=vulnAD,DC=lab","vulnAD.lab/Builtin/Terminal Server License Servers"
"Allowed RODC Password Replication Group","","Security","DomainLocal","","S-1-5-21-3315857282-1874637017-3390236716-571","","Members in this group can have their passwords replicated to all read-only domain controllers in the domain","26/02/2024 19:07:19","26/02/2024 19:07:19","CN=Allowed RODC Password Replication Group,CN=Users,DC=vulnAD,DC=lab","vulnAD.lab/Users/Allowed RODC Password Replication Group"
"Denied RODC Password Replication Group","","Security","DomainLocal","","S-1-5-21-3315857282-1874637017-3390236716-572","","Members in this group cannot have their passwords replicated to any read-only domain controllers in the domain","26/02/2024 19:07:19","26/02/2024 19:07:19","CN=Denied RODC Password Replication Group,CN=Users,DC=vulnAD,DC=lab","vulnAD.lab/Users/Denied RODC Password Replication Group"
"Read-only Domain Controllers","1","Security","Global","","S-1-5-21-3315857282-1874637017-3390236716-521","","Members of this group are Read-Only Domain Controllers in the domain","26/02/2024 19:07:19","26/02/2024 19:39:20","CN=Read-only Domain Controllers,CN=Users,DC=vulnAD,DC=lab","vulnAD.lab/Users/Read-only Domain Controllers"
"Enterprise Read-only Domain Controllers","","Security","Universal","","S-1-5-21-3315857282-1874637017-3390236716-498","","Members of this group are Read-Only Domain Controllers in the enterprise","26/02/2024 19:07:19","26/02/2024 19:07:19","CN=Enterprise Read-only Domain Controllers,CN=Users,DC=vulnAD,DC=lab","vulnAD.lab/Users/Enterprise Read-only Domain Controllers"
"Cloneable Domain Controllers","","Security","Global","","S-1-5-21-3315857282-1874637017-3390236716-522","","Members of this group that are domain controllers may be cloned.","26/02/2024 19:07:19","26/02/2024 19:07:19","CN=Cloneable Domain Controllers,CN=Users,DC=vulnAD,DC=lab","vulnAD.lab/Users/Cloneable Domain Controllers"
"Protected Users","","Security","Global","","S-1-5-21-3315857282-1874637017-3390236716-525","","Members of this group are afforded additional protections against authentication security threats. See http://go.microsoft.com/fwlink/?LinkId=298939 for more information.","26/02/2024 19:07:19","26/02/2024 19:07:19","CN=Protected Users,CN=Users,DC=vulnAD,DC=lab","vulnAD.lab/Users/Protected Users"
"Key Admins","1","Security","Global","","S-1-5-21-3315857282-1874637017-3390236716-526","","Members of this group can perform administrative actions on key objects within the domain.","26/02/2024 19:07:19","26/02/2024 19:39:20","CN=Key Admins,CN=Users,DC=vulnAD,DC=lab","vulnAD.lab/Users/Key Admins"
"Enterprise Key Admins","1","Security","Universal","","S-1-5-21-3315857282-1874637017-3390236716-527","","Members of this group can perform administrative actions on key objects within the forest.","26/02/2024 19:07:19","26/02/2024 19:39:20","CN=Enterprise Key Admins,CN=Users,DC=vulnAD,DC=lab","vulnAD.lab/Users/Enterprise Key Admins"
"DnsAdmins","","Security","DomainLocal","","S-1-5-21-3315857282-1874637017-3390236716-1101","","DNS Administrators Group","26/02/2024 19:07:58","05/03/2024 15:47:38","CN=DnsAdmins,CN=Users,DC=vulnAD,DC=lab","vulnAD.lab/Users/DnsAdmins"
"DnsUpdateProxy","","Security","Global","","S-1-5-21-3315857282-1874637017-3390236716-1102","","DNS clients who are permitted to perform dynamic updates on behalf of some other clients (such as DHCP servers).","26/02/2024 19:07:58","26/02/2024 19:07:58","CN=DnsUpdateProxy,CN=Users,DC=vulnAD,DC=lab","vulnAD.lab/Users/DnsUpdateProxy"
"Office Admin","","Security","Global","","S-1-5-21-3315857282-1874637017-3390236716-1205","","","05/03/2024 15:47:34","05/03/2024 15:47:34","CN=Office Admin,CN=Users,DC=vulnAD,DC=lab","vulnAD.lab/Users/Office Admin"
"IT Admins","","Security","Global","","S-1-5-21-3315857282-1874637017-3390236716-1206","","","05/03/2024 15:47:34","05/03/2024 15:47:37","CN=IT Admins,CN=Users,DC=vulnAD,DC=lab","vulnAD.lab/Users/IT Admins"
"Executives","","Security","Global","","S-1-5-21-3315857282-1874637017-3390236716-1207","","","05/03/2024 15:47:34","05/03/2024 15:47:36","CN=Executives,CN=Users,DC=vulnAD,DC=lab","vulnAD.lab/Users/Executives"
"Senior management","","Security","Global","","S-1-5-21-3315857282-1874637017-3390236716-1208","","","05/03/2024 15:47:35","05/03/2024 15:47:36","CN=Senior management,CN=Users,DC=vulnAD,DC=lab","vulnAD.lab/Users/Senior management"
"Project management","","Security","Global","","S-1-5-21-3315857282-1874637017-3390236716-1209","","","05/03/2024 15:47:35","05/03/2024 15:47:36","CN=Project management,CN=Users,DC=vulnAD,DC=lab","vulnAD.lab/Users/Project management"
"marketing","","Security","Global","","S-1-5-21-3315857282-1874637017-3390236716-1210","","","05/03/2024 15:47:35","05/03/2024 15:47:36","CN=marketing,CN=Users,DC=vulnAD,DC=lab","vulnAD.lab/Users/marketing"
"sales","","Security","Global","","S-1-5-21-3315857282-1874637017-3390236716-1211","","","05/03/2024 15:47:36","05/03/2024 15:47:37","CN=sales,CN=Users,DC=vulnAD,DC=lab","vulnAD.lab/Users/sales"
"accounting","","Security","Global","","S-1-5-21-3315857282-1874637017-3390236716-1212","","","05/03/2024 15:47:36","05/03/2024 15:47:37","CN=accounting,CN=Users,DC=vulnAD,DC=lab","vulnAD.lab/Users/accounting"
"DB Admins","","Security","Global","","S-1-5-21-3315857282-1874637017-3390236716-1219","","","11/03/2024 16:19:59","11/03/2024 16:26:13","CN=DB Admins,CN=Users,DC=vulnAD,DC=lab","vulnAD.lab/Users/DB Admins"
"Exchange Admins","","Security","Global","","S-1-5-21-3315857282-1874637017-3390236716-1222","","","11/03/2024 16:24:26","11/03/2024 16:24:44","CN=Exchange Admins,CN=Users,DC=vulnAD,DC=lab","vulnAD.lab/Users/Exchange Admins"
