UserName,Name,Enabled,Must Change Password at Logon,Cannot Change Password,Password Never Expires,Reversible Password Encryption,Smartcard Logon Required,Delegation Permitted,Kerberos DES Only,Kerberos RC4,Kerberos AES-128bit,Kerberos AES-256bit,Does Not Require Pre Auth,Never Logged in,Logon Age (days),Password Age (days),Dormant (> 90 days),Password Age (> 42 days),Account Locked Out,Password Expired,Password Not Required,Delegation Type,Delegation Protocol,Delegation Services,Logon Workstations,AdminCount,Primary GroupID,SID,SIDHistory,Description,Title,Department,Company,Manager,Info,Last Logon Date,Password LastSet,Account Expiration Date,Account Expiration (days),Mobile,Email,HomeDirectory,ProfilePath,ScriptPath,UserAccountControl,First Name,Middle Name,Last Name,Country,whenCreated,whenChanged,DistinguishedName,CanonicalName
Administrator,Administrator,TRUE,FALSE,FALSE,TRUE,FALSE,FALSE,TRUE,FALSE,,,,FALSE,FALSE,2,30,FALSE,FALSE,FALSE,FALSE,FALSE,,,,,1,513,S-1-5-21-3315857282-1874637017-3390236716-500,,Built-in account for administering the computer/domain,,,,,,25/03/2024 20:34,26/02/2024 18:34,,,,,,,,66048,,,,,26/02/2024 19:06,26/03/2024 22:05,"CN=Administrator,CN=Users,DC=vulnAD,DC=lab",vulnAD.lab/Users/Administrator
francoise.jolyn,Francoise Jolyn,TRUE,FALSE,FALSE,FALSE,FALSE,FALSE,TRUE,FALSE,,,,FALSE,TRUE,,23,FALSE,FALSE,FALSE,FALSE,FALSE,,,,,,513,S-1-5-21-3315857282-1874637017-3390236716-1111,,,,,,,,,05/03/2024 15:47,,,,,,,,512,Francoise,,Jolyn,,05/03/2024 15:47,05/03/2024 15:47,"CN=Francoise Jolyn,CN=Users,DC=vulnAD,DC=lab",vulnAD.lab/Users/Francoise Jolyn
Guest,Guest,FALSE,FALSE,FALSE,TRUE,FALSE,FALSE,TRUE,FALSE,,,,FALSE,TRUE,,,FALSE,FALSE,FALSE,FALSE,TRUE,,,,,,514,S-1-5-21-3315857282-1874637017-3390236716-501,,Built-in account for guest access to the computer/domain,,,,,,,,,,,,,,,66082,,,,,26/02/2024 19:06,26/02/2024 19:06,"CN=Guest,CN=Users,DC=vulnAD,DC=lab",vulnAD.lab/Users/Guest
margaretta.goldy,Margaretta Goldy,TRUE,FALSE,FALSE,FALSE,FALSE,FALSE,TRUE,FALSE,,,,FALSE,TRUE,,23,FALSE,FALSE,FALSE,FALSE,FALSE,,,,,,513,S-1-5-21-3315857282-1874637017-3390236716-1112,,,,,,,,,05/03/2024 15:47,,,,,,,,512,Margaretta,,Goldy,,05/03/2024 15:47,05/03/2024 15:47,"CN=Margaretta Goldy,CN=Users,DC=vulnAD,DC=lab",vulnAD.lab/Users/Margaretta Goldy
krbtgt,krbtgt,FALSE,FALSE,FALSE,FALSE,FALSE,FALSE,TRUE,FALSE,,,,FALSE,TRUE,,30,FALSE,FALSE,FALSE,FALSE,FALSE,,,,,1,513,S-1-5-21-3315857282-1874637017-3390236716-502,,Key Distribution Center Service Account,,,,,,,26/02/2024 19:07,,,,,,,,514,,,,,26/02/2024 19:07,26/02/2024 19:39,"CN=krbtgt,CN=Users,DC=vulnAD,DC=lab",vulnAD.lab/Users/krbtgt
avrit.mariel,Avrit Mariel,TRUE,FALSE,FALSE,FALSE,FALSE,FALSE,TRUE,FALSE,,,,FALSE,TRUE,,23,FALSE,FALSE,FALSE,FALSE,FALSE,,,,,,513,S-1-5-21-3315857282-1874637017-3390236716-1113,,,,,,,,,05/03/2024 15:47,,,,,,,,512,Avrit,,Mariel,,05/03/2024 15:47,05/03/2024 15:47,"CN=Avrit Mariel,CN=Users,DC=vulnAD,DC=lab",vulnAD.lab/Users/Avrit Mariel
test,Test User,TRUE,FALSE,FALSE,TRUE,FALSE,FALSE,TRUE,FALSE,,,,TRUE,FALSE,30,30,FALSE,FALSE,FALSE,FALSE,FALSE,,,,,1,513,S-1-5-21-3315857282-1874637017-3390236716-1104,,,,,,,,26/02/2024 19:24,26/02/2024 19:15,,,,,,,,4260352,Test,,User,,26/02/2024 19:15,26/03/2024 22:05,"CN=Test User,CN=Users,DC=vulnAD,DC=lab",vulnAD.lab/Users/Test User
bonnee.kevina,Bonnee Kevina,TRUE,FALSE,FALSE,FALSE,FALSE,FALSE,TRUE,FALSE,,,,TRUE,TRUE,,23,FALSE,FALSE,FALSE,FALSE,FALSE,,,,,,513,S-1-5-21-3315857282-1874637017-3390236716-1114,,,,,,,,,05/03/2024 15:47,,,,,,,,4194816,Bonnee,,Kevina,,05/03/2024 15:47,05/03/2024 15:47,"CN=Bonnee Kevina,CN=Users,DC=vulnAD,DC=lab",vulnAD.lab/Users/Bonnee Kevina
enrica.brinn,Enrica Brinn,TRUE,FALSE,FALSE,FALSE,FALSE,FALSE,TRUE,FALSE,,,,TRUE,TRUE,,23,FALSE,FALSE,FALSE,FALSE,FALSE,,,,,,513,S-1-5-21-3315857282-1874637017-3390236716-1105,,,,,,,,,05/03/2024 15:47,,,,,,,,4194816,Enrica,,Brinn,,05/03/2024 15:47,05/03/2024 15:47,"CN=Enrica Brinn,CN=Users,DC=vulnAD,DC=lab",vulnAD.lab/Users/Enrica Brinn
cornelia.ellynn,Cornelia Ellynn,TRUE,FALSE,FALSE,FALSE,FALSE,FALSE,TRUE,FALSE,,,,FALSE,TRUE,,23,FALSE,FALSE,FALSE,FALSE,FALSE,,,,,,513,S-1-5-21-3315857282-1874637017-3390236716-1115,,,,,,,,,05/03/2024 15:47,,,,,,,,512,Cornelia,,Ellynn,,05/03/2024 15:47,05/03/2024 15:47,"CN=Cornelia Ellynn,CN=Users,DC=vulnAD,DC=lab",vulnAD.lab/Users/Cornelia Ellynn
ania.flori,Ania Flori,TRUE,FALSE,FALSE,FALSE,FALSE,FALSE,TRUE,FALSE,,,,FALSE,TRUE,,23,FALSE,FALSE,FALSE,FALSE,FALSE,,,,,,513,S-1-5-21-3315857282-1874637017-3390236716-1106,,,,,,,,,05/03/2024 15:47,,,,,,,,512,Ania,,Flori,,05/03/2024 15:47,05/03/2024 15:47,"CN=Ania Flori,CN=Users,DC=vulnAD,DC=lab",vulnAD.lab/Users/Ania Flori
bernette.lemmie,Bernette Lemmie,TRUE,FALSE,FALSE,FALSE,FALSE,FALSE,TRUE,FALSE,,,,FALSE,TRUE,,23,FALSE,FALSE,FALSE,FALSE,FALSE,,,,,,513,S-1-5-21-3315857282-1874637017-3390236716-1116,,,,,,,,,05/03/2024 15:47,,,,,,,,512,Bernette,,Lemmie,,05/03/2024 15:47,05/03/2024 15:47,"CN=Bernette Lemmie,CN=Users,DC=vulnAD,DC=lab",vulnAD.lab/Users/Bernette Lemmie
alexina.cosette,Alexina Cosette,TRUE,FALSE,FALSE,FALSE,FALSE,FALSE,TRUE,FALSE,,,,FALSE,TRUE,,23,FALSE,FALSE,FALSE,FALSE,FALSE,,,,,,513,S-1-5-21-3315857282-1874637017-3390236716-1107,,,,,,,,,05/03/2024 15:47,,,,,,,,512,Alexina,,Cosette,,05/03/2024 15:47,05/03/2024 15:47,"CN=Alexina Cosette,CN=Users,DC=vulnAD,DC=lab",vulnAD.lab/Users/Alexina Cosette
stephenie.mignon,Stephenie Mignon,TRUE,FALSE,FALSE,FALSE,FALSE,FALSE,TRUE,FALSE,,,,FALSE,TRUE,,23,FALSE,FALSE,FALSE,FALSE,FALSE,,,,,,513,S-1-5-21-3315857282-1874637017-3390236716-1117,,,,,,,,,05/03/2024 15:47,,,,,,,,512,Stephenie,,Mignon,,05/03/2024 15:47,05/03/2024 15:47,"CN=Stephenie Mignon,CN=Users,DC=vulnAD,DC=lab",vulnAD.lab/Users/Stephenie Mignon
kirsten.sukey,Kirsten Sukey,TRUE,FALSE,FALSE,FALSE,FALSE,FALSE,TRUE,FALSE,,,,FALSE,TRUE,,23,FALSE,FALSE,FALSE,FALSE,FALSE,,,,,,513,S-1-5-21-3315857282-1874637017-3390236716-1108,,,,,,,,,05/03/2024 15:47,,,,,,,,512,Kirsten,,Sukey,,05/03/2024 15:47,05/03/2024 15:47,"CN=Kirsten Sukey,CN=Users,DC=vulnAD,DC=lab",vulnAD.lab/Users/Kirsten Sukey
janaye.nadeen,Janaye Nadeen,TRUE,FALSE,FALSE,FALSE,FALSE,FALSE,TRUE,FALSE,,,,FALSE,TRUE,,23,FALSE,FALSE,FALSE,FALSE,FALSE,,,,,,513,S-1-5-21-3315857282-1874637017-3390236716-1118,,,,,,,,,05/03/2024 15:47,,,,,,,,512,Janaye,,Nadeen,,05/03/2024 15:47,05/03/2024 15:47,"CN=Janaye Nadeen,CN=Users,DC=vulnAD,DC=lab",vulnAD.lab/Users/Janaye Nadeen
madelle.hermina,Madelle Hermina,TRUE,FALSE,FALSE,FALSE,FALSE,FALSE,TRUE,FALSE,,,,FALSE,TRUE,,23,FALSE,FALSE,FALSE,FALSE,FALSE,,,,,,513,S-1-5-21-3315857282-1874637017-3390236716-1109,,,,,,,,,05/03/2024 15:47,,,,,,,,512,Madelle,,Hermina,,05/03/2024 15:47,05/03/2024 15:47,"CN=Madelle Hermina,CN=Users,DC=vulnAD,DC=lab",vulnAD.lab/Users/Madelle Hermina
mona.aliza,Mona Aliza,TRUE,FALSE,FALSE,FALSE,FALSE,FALSE,TRUE,FALSE,,,,FALSE,TRUE,,23,FALSE,FALSE,FALSE,FALSE,FALSE,,,,,,513,S-1-5-21-3315857282-1874637017-3390236716-1119,,,,,,,,,05/03/2024 15:47,17/02/2023 00:00,-405,,,,,,512,Mona,,Aliza,,05/03/2024 15:47,11/03/2024 16:36,"CN=Mona Aliza,CN=Users,DC=vulnAD,DC=lab",vulnAD.lab/Users/Mona Aliza
feliza.ashil,Feliza Ashil,TRUE,FALSE,FALSE,FALSE,FALSE,FALSE,TRUE,FALSE,,,,FALSE,TRUE,,23,FALSE,FALSE,FALSE,FALSE,FALSE,,,,,,513,S-1-5-21-3315857282-1874637017-3390236716-1110,,,,,,,,,05/03/2024 15:47,,,,,,,,512,Feliza,,Ashil,,05/03/2024 15:47,05/03/2024 15:47,"CN=Feliza Ashil,CN=Users,DC=vulnAD,DC=lab",vulnAD.lab/Users/Feliza Ashil
lorne.lilah,Lorne Lilah,TRUE,FALSE,FALSE,FALSE,FALSE,FALSE,TRUE,FALSE,,,,FALSE,TRUE,,23,FALSE,FALSE,FALSE,FALSE,FALSE,,,,,,513,S-1-5-21-3315857282-1874637017-3390236716-1120,,Shared User,,,,,,,05/03/2024 15:47,,,,,,,,512,Lorne,,Lilah,,05/03/2024 15:47,05/03/2024 15:47,"CN=Lorne Lilah,CN=Users,DC=vulnAD,DC=lab",vulnAD.lab/Users/Lorne Lilah
delora.juanita,Delora Juanita,TRUE,FALSE,FALSE,FALSE,FALSE,FALSE,TRUE,FALSE,,,,FALSE,TRUE,,23,FALSE,FALSE,FALSE,FALSE,FALSE,,,,,,513,S-1-5-21-3315857282-1874637017-3390236716-1121,,,,,,,,,05/03/2024 15:47,,,,,,,,512,Delora,,Juanita,,05/03/2024 15:47,05/03/2024 15:47,"CN=Delora Juanita,CN=Users,DC=vulnAD,DC=lab",vulnAD.lab/Users/Delora Juanita
jobey.shena,Jobey Shena,TRUE,FALSE,FALSE,FALSE,FALSE,FALSE,TRUE,FALSE,,,,FALSE,TRUE,,23,FALSE,FALSE,FALSE,FALSE,FALSE,,,,,,513,S-1-5-21-3315857282-1874637017-3390236716-1131,,,,,,,,,05/03/2024 15:47,,,,,,,,512,Jobey,,Shena,,05/03/2024 15:47,05/03/2024 15:47,"CN=Jobey Shena,CN=Users,DC=vulnAD,DC=lab",vulnAD.lab/Users/Jobey Shena
carlie.dania,Carlie Dania,TRUE,FALSE,FALSE,FALSE,FALSE,FALSE,TRUE,FALSE,,,,FALSE,TRUE,,23,FALSE,FALSE,FALSE,FALSE,FALSE,,,,,,513,S-1-5-21-3315857282-1874637017-3390236716-1122,,,,,,,,,05/03/2024 15:47,,,,,,,,512,Carlie,,Dania,,05/03/2024 15:47,05/03/2024 15:47,"CN=Carlie Dania,CN=Users,DC=vulnAD,DC=lab",vulnAD.lab/Users/Carlie Dania
deerdre.maure,Deerdre Maure,TRUE,FALSE,FALSE,FALSE,FALSE,FALSE,TRUE,FALSE,,,,FALSE,TRUE,,23,FALSE,FALSE,FALSE,FALSE,FALSE,,,,,,513,S-1-5-21-3315857282-1874637017-3390236716-1132,,,,,,,,,05/03/2024 15:47,,,,,,,,512,Deerdre,,Maure,,05/03/2024 15:47,05/03/2024 15:47,"CN=Deerdre Maure,CN=Users,DC=vulnAD,DC=lab",vulnAD.lab/Users/Deerdre Maure
clemence.lotty,Clemence Lotty,TRUE,FALSE,FALSE,FALSE,FALSE,FALSE,TRUE,FALSE,,,,TRUE,TRUE,,23,FALSE,FALSE,FALSE,FALSE,FALSE,,,,,,513,S-1-5-21-3315857282-1874637017-3390236716-1123,,,,,,,,,05/03/2024 15:47,,,,,,,,4194816,Clemence,,Lotty,,05/03/2024 15:47,05/03/2024 15:47,"CN=Clemence Lotty,CN=Users,DC=vulnAD,DC=lab",vulnAD.lab/Users/Clemence Lotty
sherye.kelsi,Sherye Kelsi,TRUE,FALSE,FALSE,FALSE,FALSE,FALSE,TRUE,FALSE,,,,FALSE,TRUE,,23,FALSE,FALSE,FALSE,FALSE,FALSE,,,,,,513,S-1-5-21-3315857282-1874637017-3390236716-1133,,,,,,,,,05/03/2024 15:47,,,,,,,,512,Sherye,,Kelsi,,05/03/2024 15:47,05/03/2024 15:47,"CN=Sherye Kelsi,CN=Users,DC=vulnAD,DC=lab",vulnAD.lab/Users/Sherye Kelsi
friederike.marketa,Friederike Marketa,TRUE,FALSE,FALSE,FALSE,FALSE,FALSE,TRUE,FALSE,,,,FALSE,TRUE,,23,FALSE,FALSE,FALSE,FALSE,FALSE,,,,,,513,S-1-5-21-3315857282-1874637017-3390236716-1124,,,,,,,,,05/03/2024 15:47,,,,,,,,512,Friederike,,Marketa,,05/03/2024 15:47,05/03/2024 15:47,"CN=Friederike Marketa,CN=Users,DC=vulnAD,DC=lab",vulnAD.lab/Users/Friederike Marketa
melanie.ardeen,Melanie Ardeen,TRUE,FALSE,FALSE,FALSE,FALSE,FALSE,TRUE,FALSE,,,,FALSE,TRUE,,23,FALSE,FALSE,FALSE,FALSE,FALSE,,,,,,513,S-1-5-21-3315857282-1874637017-3390236716-1134,,,,,,,,,05/03/2024 15:47,,,,,,,,512,Melanie,,Ardeen,,05/03/2024 15:47,05/03/2024 15:47,"CN=Melanie Ardeen,CN=Users,DC=vulnAD,DC=lab",vulnAD.lab/Users/Melanie Ardeen
carmelita.lurline,Carmelita Lurline,TRUE,FALSE,FALSE,FALSE,FALSE,FALSE,TRUE,FALSE,,,,FALSE,TRUE,,23,FALSE,FALSE,FALSE,FALSE,FALSE,,,,,,513,S-1-5-21-3315857282-1874637017-3390236716-1125,,,,,,,,,05/03/2024 15:47,,,,,,,,512,Carmelita,,Lurline,,05/03/2024 15:47,05/03/2024 15:47,"CN=Carmelita Lurline,CN=Users,DC=vulnAD,DC=lab",vulnAD.lab/Users/Carmelita Lurline
fredi.orelie,Fredi Orelie,TRUE,FALSE,FALSE,FALSE,FALSE,FALSE,TRUE,FALSE,,,,FALSE,TRUE,,23,FALSE,FALSE,FALSE,FALSE,FALSE,,,,,,513,S-1-5-21-3315857282-1874637017-3390236716-1135,,,,,,,,,05/03/2024 15:47,,,,,,,,512,Fredi,,Orelie,,05/03/2024 15:47,05/03/2024 15:47,"CN=Fredi Orelie,CN=Users,DC=vulnAD,DC=lab",vulnAD.lab/Users/Fredi Orelie
ava.leda,Ava Leda,TRUE,FALSE,FALSE,FALSE,FALSE,FALSE,TRUE,FALSE,,,,FALSE,TRUE,,23,FALSE,FALSE,FALSE,FALSE,FALSE,,,,,,513,S-1-5-21-3315857282-1874637017-3390236716-1126,,,,,,,,,05/03/2024 15:47,,,,,,,,512,Ava,,Leda,,05/03/2024 15:47,05/03/2024 15:47,"CN=Ava Leda,CN=Users,DC=vulnAD,DC=lab",vulnAD.lab/Users/Ava Leda
mira.micheline,Mira Micheline,TRUE,FALSE,FALSE,FALSE,FALSE,FALSE,TRUE,FALSE,,,,FALSE,TRUE,,23,FALSE,FALSE,FALSE,FALSE,FALSE,,,,,,513,S-1-5-21-3315857282-1874637017-3390236716-1136,,,,,,,,,05/03/2024 15:47,,,,,,,,512,Mira,,Micheline,,05/03/2024 15:47,05/03/2024 15:47,"CN=Mira Micheline,CN=Users,DC=vulnAD,DC=lab",vulnAD.lab/Users/Mira Micheline
bertie.sal,Bertie Sal,TRUE,FALSE,FALSE,FALSE,FALSE,FALSE,TRUE,FALSE,,,,FALSE,TRUE,,23,FALSE,FALSE,FALSE,FALSE,FALSE,,,,,,513,S-1-5-21-3315857282-1874637017-3390236716-1127,,,,,,,,,05/03/2024 15:47,,,,,,,,512,Bertie,,Sal,,05/03/2024 15:47,05/03/2024 15:47,"CN=Bertie Sal,CN=Users,DC=vulnAD,DC=lab",vulnAD.lab/Users/Bertie Sal
idaline.eleni,Idaline Eleni,TRUE,FALSE,FALSE,FALSE,FALSE,FALSE,TRUE,FALSE,,,,FALSE,TRUE,,23,FALSE,FALSE,FALSE,FALSE,FALSE,,,,,,513,S-1-5-21-3315857282-1874637017-3390236716-1137,,,,,,,,,05/03/2024 15:47,,,,,,,,512,Idaline,,Eleni,,05/03/2024 15:47,05/03/2024 15:47,"CN=Idaline Eleni,CN=Users,DC=vulnAD,DC=lab",vulnAD.lab/Users/Idaline Eleni
jolynn.mora,Jolynn Mora,TRUE,FALSE,FALSE,FALSE,FALSE,FALSE,TRUE,FALSE,,,,FALSE,TRUE,,23,FALSE,FALSE,FALSE,FALSE,FALSE,,,,,,513,S-1-5-21-3315857282-1874637017-3390236716-1128,,,,,,,,,05/03/2024 15:47,,,,,,,,512,Jolynn,,Mora,,05/03/2024 15:47,05/03/2024 15:47,"CN=Jolynn Mora,CN=Users,DC=vulnAD,DC=lab",vulnAD.lab/Users/Jolynn Mora
eolanda.griselda,Eolanda Griselda,TRUE,FALSE,FALSE,FALSE,FALSE,FALSE,TRUE,FALSE,,,,FALSE,TRUE,,23,FALSE,FALSE,FALSE,FALSE,FALSE,,,,,,513,S-1-5-21-3315857282-1874637017-3390236716-1138,,,,,,,,,05/03/2024 15:47,,,,,,,,512,Eolanda,,Griselda,,05/03/2024 15:47,05/03/2024 15:47,"CN=Eolanda Griselda,CN=Users,DC=vulnAD,DC=lab",vulnAD.lab/Users/Eolanda Griselda
luca.clary,Luca Clary,TRUE,TRUE,FALSE,FALSE,FALSE,FALSE,TRUE,FALSE,,,,FALSE,TRUE,,,FALSE,FALSE,FALSE,FALSE,FALSE,,,,,,513,S-1-5-21-3315857282-1874637017-3390236716-1129,,"New User ,DefaultPassword",,,,,,,,,,,,,,,512,Luca,,Clary,,05/03/2024 15:47,05/03/2024 15:47,"CN=Luca Clary,CN=Users,DC=vulnAD,DC=lab",vulnAD.lab/Users/Luca Clary
belva.lisabeth,Belva Lisabeth,TRUE,FALSE,FALSE,FALSE,FALSE,FALSE,TRUE,FALSE,,,,FALSE,TRUE,,23,FALSE,FALSE,FALSE,FALSE,FALSE,,,,,,513,S-1-5-21-3315857282-1874637017-3390236716-1139,,,,,,,,,05/03/2024 15:47,,,,,,,,512,Belva,,Lisabeth,,05/03/2024 15:47,05/03/2024 15:47,"CN=Belva Lisabeth,CN=Users,DC=vulnAD,DC=lab",vulnAD.lab/Users/Belva Lisabeth
camille.karen,Camille Karen,TRUE,FALSE,FALSE,FALSE,FALSE,FALSE,TRUE,FALSE,,,,FALSE,TRUE,,23,FALSE,FALSE,FALSE,FALSE,FALSE,,,,,,513,S-1-5-21-3315857282-1874637017-3390236716-1130,,,,,,,,,05/03/2024 15:47,,,,,,,,512,Camille,,Karen,,05/03/2024 15:47,05/03/2024 15:47,"CN=Camille Karen,CN=Users,DC=vulnAD,DC=lab",vulnAD.lab/Users/Camille Karen
marcelia.cariotta,Marcelia Cariotta,TRUE,FALSE,FALSE,FALSE,FALSE,FALSE,TRUE,FALSE,,,,FALSE,TRUE,,23,FALSE,FALSE,FALSE,FALSE,FALSE,,,,,,513,S-1-5-21-3315857282-1874637017-3390236716-1140,,,,,,,,,05/03/2024 15:47,,,,,,,,512,Marcelia,,Cariotta,,05/03/2024 15:47,05/03/2024 15:47,"CN=Marcelia Cariotta,CN=Users,DC=vulnAD,DC=lab",vulnAD.lab/Users/Marcelia Cariotta
louise.birgitta,Louise Birgitta,TRUE,FALSE,FALSE,FALSE,FALSE,FALSE,TRUE,FALSE,,,,FALSE,TRUE,,23,FALSE,FALSE,FALSE,FALSE,FALSE,,,,,,513,S-1-5-21-3315857282-1874637017-3390236716-1141,,Shared User,,,,,,,05/03/2024 15:47,,,,,,,,512,Louise,,Birgitta,,05/03/2024 15:47,05/03/2024 15:47,"CN=Louise Birgitta,CN=Users,DC=vulnAD,DC=lab",vulnAD.lab/Users/Louise Birgitta
kass.adelice,Kass Adelice,TRUE,FALSE,FALSE,FALSE,FALSE,FALSE,TRUE,FALSE,,,,FALSE,TRUE,,23,FALSE,FALSE,FALSE,FALSE,FALSE,,,,,,513,S-1-5-21-3315857282-1874637017-3390236716-1151,,,,,,,,,05/03/2024 15:47,,,,,,,,512,Kass,,Adelice,,05/03/2024 15:47,05/03/2024 15:47,"CN=Kass Adelice,CN=Users,DC=vulnAD,DC=lab",vulnAD.lab/Users/Kass Adelice
ilse.cyndy,Ilse Cyndy,TRUE,FALSE,FALSE,FALSE,FALSE,FALSE,TRUE,FALSE,,,,FALSE,TRUE,,23,FALSE,FALSE,FALSE,FALSE,FALSE,,,,,,513,S-1-5-21-3315857282-1874637017-3390236716-1142,,Shared User,,,,,,,05/03/2024 15:47,,,,,,,,512,Ilse,,Cyndy,,05/03/2024 15:47,05/03/2024 15:47,"CN=Ilse Cyndy,CN=Users,DC=vulnAD,DC=lab",vulnAD.lab/Users/Ilse Cyndy
roz.glenna,Roz Glenna,TRUE,FALSE,FALSE,FALSE,FALSE,FALSE,TRUE,FALSE,,,,FALSE,TRUE,,23,FALSE,FALSE,FALSE,FALSE,FALSE,,,,,,513,S-1-5-21-3315857282-1874637017-3390236716-1152,,,,,,,,,05/03/2024 15:47,,,,,,,,512,Roz,,Glenna,,05/03/2024 15:47,05/03/2024 15:47,"CN=Roz Glenna,CN=Users,DC=vulnAD,DC=lab",vulnAD.lab/Users/Roz Glenna
marje.merci,Marje Merci,TRUE,FALSE,FALSE,FALSE,FALSE,FALSE,TRUE,FALSE,,,,FALSE,TRUE,,23,FALSE,FALSE,FALSE,FALSE,FALSE,,,,,,513,S-1-5-21-3315857282-1874637017-3390236716-1143,,,,,,,,,05/03/2024 15:47,,,,,,,,512,Marje,,Merci,,05/03/2024 15:47,05/03/2024 15:47,"CN=Marje Merci,CN=Users,DC=vulnAD,DC=lab",vulnAD.lab/Users/Marje Merci
corilla.laurice,Corilla Laurice,TRUE,FALSE,FALSE,FALSE,FALSE,FALSE,TRUE,FALSE,,,,FALSE,TRUE,,23,FALSE,FALSE,FALSE,FALSE,FALSE,,,,,,513,S-1-5-21-3315857282-1874637017-3390236716-1153,,,,,,,,,05/03/2024 15:47,,,,,,,,512,Corilla,,Laurice,,05/03/2024 15:47,05/03/2024 15:47,"CN=Corilla Laurice,CN=Users,DC=vulnAD,DC=lab",vulnAD.lab/Users/Corilla Laurice
ernesta.bel,Ernesta Bel,TRUE,FALSE,FALSE,FALSE,FALSE,FALSE,TRUE,FALSE,,,,FALSE,TRUE,,23,FALSE,FALSE,FALSE,FALSE,FALSE,,,,,,513,S-1-5-21-3315857282-1874637017-3390236716-1144,,,,,,,,,05/03/2024 15:47,,,,,,,,512,Ernesta,,Bel,,05/03/2024 15:47,05/03/2024 15:47,"CN=Ernesta Bel,CN=Users,DC=vulnAD,DC=lab",vulnAD.lab/Users/Ernesta Bel
peta.cori,Peta Cori,TRUE,FALSE,FALSE,FALSE,FALSE,FALSE,TRUE,FALSE,,,,FALSE,TRUE,,23,FALSE,FALSE,FALSE,FALSE,FALSE,,,,,,513,S-1-5-21-3315857282-1874637017-3390236716-1154,,,,,,,,,05/03/2024 15:47,,,,,,,,512,Peta,,Cori,,05/03/2024 15:47,05/03/2024 15:47,"CN=Peta Cori,CN=Users,DC=vulnAD,DC=lab",vulnAD.lab/Users/Peta Cori
kirstin.shelly,Kirstin Shelly,TRUE,FALSE,FALSE,FALSE,FALSE,FALSE,TRUE,FALSE,,,,FALSE,TRUE,,23,FALSE,FALSE,FALSE,FALSE,FALSE,,,,,,513,S-1-5-21-3315857282-1874637017-3390236716-1145,,,,,,,,,05/03/2024 15:47,,,,,,,,512,Kirstin,,Shelly,,05/03/2024 15:47,05/03/2024 15:47,"CN=Kirstin Shelly,CN=Users,DC=vulnAD,DC=lab",vulnAD.lab/Users/Kirstin Shelly
myrtice.rosemonde,Myrtice Rosemonde,TRUE,FALSE,FALSE,FALSE,FALSE,FALSE,TRUE,FALSE,,,,FALSE,TRUE,,23,FALSE,FALSE,FALSE,FALSE,FALSE,,,,,,513,S-1-5-21-3315857282-1874637017-3390236716-1155,,,,,,,,,05/03/2024 15:47,,,,,,,,512,Myrtice,,Rosemonde,,05/03/2024 15:47,05/03/2024 15:47,"CN=Myrtice Rosemonde,CN=Users,DC=vulnAD,DC=lab",vulnAD.lab/Users/Myrtice Rosemonde
ferne.chloe,Ferne Chloe,TRUE,FALSE,FALSE,FALSE,FALSE,FALSE,TRUE,FALSE,,,,FALSE,TRUE,,23,FALSE,FALSE,FALSE,FALSE,FALSE,,,,,,513,S-1-5-21-3315857282-1874637017-3390236716-1146,,,,,,,,,05/03/2024 15:47,,,,,,,,512,Ferne,,Chloe,,05/03/2024 15:47,05/03/2024 15:47,"CN=Ferne Chloe,CN=Users,DC=vulnAD,DC=lab",vulnAD.lab/Users/Ferne Chloe
renae.hilde,Renae Hilde,TRUE,FALSE,FALSE,FALSE,FALSE,FALSE,TRUE,FALSE,,,,FALSE,TRUE,,23,FALSE,FALSE,FALSE,FALSE,FALSE,,,,,,513,S-1-5-21-3315857282-1874637017-3390236716-1156,,,,,,,,,05/03/2024 15:47,,,,,,,,512,Renae,,Hilde,,05/03/2024 15:47,05/03/2024 15:47,"CN=Renae Hilde,CN=Users,DC=vulnAD,DC=lab",vulnAD.lab/Users/Renae Hilde
lorena.abbe,Lorena Abbe,TRUE,FALSE,FALSE,FALSE,FALSE,FALSE,TRUE,FALSE,,,,FALSE,TRUE,,23,FALSE,FALSE,FALSE,FALSE,FALSE,,,,,,513,S-1-5-21-3315857282-1874637017-3390236716-1147,,,,,,,,,05/03/2024 15:47,,,,,,,,512,Lorena,,Abbe,,05/03/2024 15:47,05/03/2024 15:47,"CN=Lorena Abbe,CN=Users,DC=vulnAD,DC=lab",vulnAD.lab/Users/Lorena Abbe
lind.mira,Lind Mira,TRUE,FALSE,FALSE,FALSE,FALSE,FALSE,TRUE,FALSE,,,,FALSE,TRUE,,23,FALSE,FALSE,FALSE,FALSE,FALSE,,,,,,513,S-1-5-21-3315857282-1874637017-3390236716-1157,,,,,,,,,05/03/2024 15:47,,,,,,,,512,Lind,,Mira,,05/03/2024 15:47,05/03/2024 15:47,"CN=Lind Mira,CN=Users,DC=vulnAD,DC=lab",vulnAD.lab/Users/Lind Mira
nicolina.marion,Nicolina Marion,TRUE,FALSE,FALSE,FALSE,FALSE,FALSE,TRUE,FALSE,,,,TRUE,TRUE,,23,FALSE,FALSE,FALSE,FALSE,FALSE,,,,,,513,S-1-5-21-3315857282-1874637017-3390236716-1148,,,,,,,,,05/03/2024 15:47,,,,,,,,4194816,Nicolina,,Marion,,05/03/2024 15:47,05/03/2024 15:47,"CN=Nicolina Marion,CN=Users,DC=vulnAD,DC=lab",vulnAD.lab/Users/Nicolina Marion
donetta.cissy,Donetta Cissy,TRUE,FALSE,FALSE,FALSE,FALSE,FALSE,TRUE,FALSE,,,,FALSE,TRUE,,23,FALSE,FALSE,FALSE,FALSE,FALSE,,,,,,513,S-1-5-21-3315857282-1874637017-3390236716-1158,,,,,,,,,05/03/2024 15:47,,,,,,,,512,Donetta,,Cissy,,05/03/2024 15:47,05/03/2024 15:47,"CN=Donetta Cissy,CN=Users,DC=vulnAD,DC=lab",vulnAD.lab/Users/Donetta Cissy
nani.lindsay,Nani Lindsay,TRUE,FALSE,FALSE,FALSE,FALSE,FALSE,TRUE,FALSE,,,,FALSE,TRUE,,23,FALSE,FALSE,FALSE,FALSE,FALSE,,,,,,513,S-1-5-21-3315857282-1874637017-3390236716-1149,,,,,,,,,05/03/2024 15:47,,,,,,,,512,Nani,,Lindsay,,05/03/2024 15:47,05/03/2024 15:47,"CN=Nani Lindsay,CN=Users,DC=vulnAD,DC=lab",vulnAD.lab/Users/Nani Lindsay
melly.neille,Melly Neille,TRUE,FALSE,FALSE,FALSE,FALSE,FALSE,TRUE,FALSE,,,,FALSE,TRUE,,23,FALSE,FALSE,FALSE,FALSE,FALSE,,,,,,513,S-1-5-21-3315857282-1874637017-3390236716-1159,,,,,,,,,05/03/2024 15:47,,,,,,,,512,Melly,,Neille,,05/03/2024 15:47,05/03/2024 15:47,"CN=Melly Neille,CN=Users,DC=vulnAD,DC=lab",vulnAD.lab/Users/Melly Neille
leigh.lorelle,Leigh Lorelle,TRUE,FALSE,FALSE,FALSE,FALSE,FALSE,TRUE,FALSE,,,,FALSE,TRUE,,23,FALSE,FALSE,FALSE,FALSE,FALSE,,,,,,513,S-1-5-21-3315857282-1874637017-3390236716-1150,,,,,,,,,05/03/2024 15:47,,,,,,,,512,Leigh,,Lorelle,,05/03/2024 15:47,05/03/2024 15:47,"CN=Leigh Lorelle,CN=Users,DC=vulnAD,DC=lab",vulnAD.lab/Users/Leigh Lorelle
elisabetta.charmian,Elisabetta Charmian,TRUE,FALSE,FALSE,FALSE,FALSE,FALSE,TRUE,FALSE,,,,FALSE,TRUE,,23,FALSE,FALSE,FALSE,FALSE,FALSE,,,,,,513,S-1-5-21-3315857282-1874637017-3390236716-1160,,,,,,,,,05/03/2024 15:47,,,,,,,,512,Elisabetta,,Charmian,,05/03/2024 15:47,05/03/2024 15:47,"CN=Elisabetta Charmian,CN=Users,DC=vulnAD,DC=lab",vulnAD.lab/Users/Elisabetta Charmian
feliza.lucinda,Feliza Lucinda,TRUE,FALSE,FALSE,FALSE,FALSE,FALSE,TRUE,FALSE,,,,FALSE,TRUE,,23,FALSE,FALSE,FALSE,FALSE,FALSE,,,,,,513,S-1-5-21-3315857282-1874637017-3390236716-1161,,,,,,,,,05/03/2024 15:47,,,,,,,,512,Feliza,,Lucinda,,05/03/2024 15:47,05/03/2024 15:47,"CN=Feliza Lucinda,CN=Users,DC=vulnAD,DC=lab",vulnAD.lab/Users/Feliza Lucinda
claudia.samantha,Claudia Samantha,TRUE,FALSE,FALSE,FALSE,FALSE,FALSE,TRUE,FALSE,,,,FALSE,TRUE,,23,FALSE,FALSE,FALSE,FALSE,FALSE,,,,,,513,S-1-5-21-3315857282-1874637017-3390236716-1171,,,,,,,,,05/03/2024 15:47,,,,,,,,512,Claudia,,Samantha,,05/03/2024 15:47,05/03/2024 15:47,"CN=Claudia Samantha,CN=Users,DC=vulnAD,DC=lab",vulnAD.lab/Users/Claudia Samantha
aloysia.dolli,Aloysia Dolli,TRUE,FALSE,FALSE,FALSE,FALSE,FALSE,TRUE,FALSE,,,,FALSE,TRUE,,23,FALSE,FALSE,FALSE,FALSE,FALSE,,,,,,513,S-1-5-21-3315857282-1874637017-3390236716-1162,,,,,,,,,05/03/2024 15:47,,,,,,,,512,Aloysia,,Dolli,,05/03/2024 15:47,05/03/2024 15:47,"CN=Aloysia Dolli,CN=Users,DC=vulnAD,DC=lab",vulnAD.lab/Users/Aloysia Dolli
astrix.diann,Astrix Diann,TRUE,FALSE,FALSE,FALSE,FALSE,FALSE,TRUE,FALSE,,,,FALSE,TRUE,,23,FALSE,FALSE,FALSE,FALSE,FALSE,,,,,,513,S-1-5-21-3315857282-1874637017-3390236716-1172,,,,,,,,,05/03/2024 15:47,,,,,,,,512,Astrix,,Diann,,05/03/2024 15:47,05/03/2024 15:47,"CN=Astrix Diann,CN=Users,DC=vulnAD,DC=lab",vulnAD.lab/Users/Astrix Diann
karoline.anthe,Karoline Anthe,TRUE,FALSE,FALSE,FALSE,FALSE,FALSE,TRUE,FALSE,,,,FALSE,TRUE,,23,FALSE,FALSE,FALSE,FALSE,FALSE,,,,,,513,S-1-5-21-3315857282-1874637017-3390236716-1163,,,,,,,,,05/03/2024 15:47,,,,,,,,512,Karoline,,Anthe,,05/03/2024 15:47,05/03/2024 15:47,"CN=Karoline Anthe,CN=Users,DC=vulnAD,DC=lab",vulnAD.lab/Users/Karoline Anthe
katharine.langsdon,Katharine Langsdon,TRUE,FALSE,FALSE,FALSE,FALSE,FALSE,TRUE,FALSE,,,,FALSE,TRUE,,23,FALSE,FALSE,FALSE,FALSE,FALSE,,,,,,513,S-1-5-21-3315857282-1874637017-3390236716-1173,,,,,,,,,05/03/2024 15:47,,,,,,,,512,Katharine,,Langsdon,,05/03/2024 15:47,05/03/2024 15:47,"CN=Katharine Langsdon,CN=Users,DC=vulnAD,DC=lab",vulnAD.lab/Users/Katharine Langsdon
modesty.brandice,Modesty Brandice,TRUE,FALSE,FALSE,FALSE,FALSE,FALSE,TRUE,FALSE,,,,FALSE,TRUE,,23,FALSE,FALSE,FALSE,FALSE,FALSE,,,,,,513,S-1-5-21-3315857282-1874637017-3390236716-1164,,,,,,,,,05/03/2024 15:47,,,,,,,,512,Modesty,,Brandice,,05/03/2024 15:47,05/03/2024 15:47,"CN=Modesty Brandice,CN=Users,DC=vulnAD,DC=lab",vulnAD.lab/Users/Modesty Brandice
genevra.corene,Genevra Corene,TRUE,FALSE,FALSE,FALSE,FALSE,FALSE,TRUE,FALSE,,,,FALSE,TRUE,,23,FALSE,FALSE,FALSE,FALSE,FALSE,,,,,,513,S-1-5-21-3315857282-1874637017-3390236716-1174,,,,,,,,,05/03/2024 15:47,,,,,,,,512,Genevra,,Corene,,05/03/2024 15:47,05/03/2024 15:47,"CN=Genevra Corene,CN=Users,DC=vulnAD,DC=lab",vulnAD.lab/Users/Genevra Corene
francesca.dory,Francesca Dory,TRUE,FALSE,FALSE,FALSE,FALSE,FALSE,TRUE,FALSE,,,,FALSE,TRUE,,23,FALSE,FALSE,FALSE,FALSE,FALSE,,,,,,513,S-1-5-21-3315857282-1874637017-3390236716-1165,,,,,,,,,05/03/2024 15:47,,,,,,,,512,Francesca,,Dory,,05/03/2024 15:47,05/03/2024 15:47,"CN=Francesca Dory,CN=Users,DC=vulnAD,DC=lab",vulnAD.lab/Users/Francesca Dory
stevena.aprilette,Stevena Aprilette,TRUE,FALSE,FALSE,FALSE,FALSE,FALSE,TRUE,FALSE,,,,FALSE,TRUE,,23,FALSE,FALSE,FALSE,FALSE,FALSE,,,,,,513,S-1-5-21-3315857282-1874637017-3390236716-1175,,,,,,,,,05/03/2024 15:47,,,,,,,,512,Stevena,,Aprilette,,05/03/2024 15:47,05/03/2024 15:47,"CN=Stevena Aprilette,CN=Users,DC=vulnAD,DC=lab",vulnAD.lab/Users/Stevena Aprilette
helen.malorie,Helen Malorie,TRUE,FALSE,FALSE,FALSE,FALSE,FALSE,TRUE,FALSE,,,,FALSE,TRUE,,23,FALSE,FALSE,FALSE,FALSE,FALSE,,,,,,513,S-1-5-21-3315857282-1874637017-3390236716-1166,,,,,,,,,05/03/2024 15:47,,,,,,,,512,Helen,,Malorie,,05/03/2024 15:47,05/03/2024 15:47,"CN=Helen Malorie,CN=Users,DC=vulnAD,DC=lab",vulnAD.lab/Users/Helen Malorie
angel.lindsy,Angel Lindsy,TRUE,FALSE,FALSE,FALSE,FALSE,FALSE,TRUE,FALSE,,,,FALSE,TRUE,,23,FALSE,FALSE,FALSE,FALSE,FALSE,,,,,,513,S-1-5-21-3315857282-1874637017-3390236716-1176,,,,,,,,,05/03/2024 15:47,,,,,,,,512,Angel,,Lindsy,,05/03/2024 15:47,05/03/2024 15:47,"CN=Angel Lindsy,CN=Users,DC=vulnAD,DC=lab",vulnAD.lab/Users/Angel Lindsy
ailene.paige,Ailene Paige,TRUE,FALSE,FALSE,FALSE,FALSE,FALSE,TRUE,FALSE,,,,FALSE,TRUE,,23,FALSE,FALSE,FALSE,FALSE,FALSE,,,,,,513,S-1-5-21-3315857282-1874637017-3390236716-1167,,,,,,,,,05/03/2024 15:47,,,,,,,,512,Ailene,,Paige,,05/03/2024 15:47,05/03/2024 15:47,"CN=Ailene Paige,CN=Users,DC=vulnAD,DC=lab",vulnAD.lab/Users/Ailene Paige
eimile.sayre,Eimile Sayre,TRUE,FALSE,FALSE,FALSE,FALSE,FALSE,TRUE,FALSE,,,,FALSE,TRUE,,23,FALSE,FALSE,FALSE,FALSE,FALSE,,,,,,513,S-1-5-21-3315857282-1874637017-3390236716-1177,,,,,,,,,05/03/2024 15:47,,,,,,,,512,Eimile,,Sayre,,05/03/2024 15:47,05/03/2024 15:47,"CN=Eimile Sayre,CN=Users,DC=vulnAD,DC=lab",vulnAD.lab/Users/Eimile Sayre
donetta.rebekah,Donetta Rebekah,TRUE,FALSE,FALSE,FALSE,FALSE,FALSE,TRUE,FALSE,,,,FALSE,TRUE,,23,FALSE,FALSE,FALSE,FALSE,FALSE,,,,,,513,S-1-5-21-3315857282-1874637017-3390236716-1168,,,,,,,,,05/03/2024 15:47,,,,,,,,512,Donetta,,Rebekah,,05/03/2024 15:47,05/03/2024 15:47,"CN=Donetta Rebekah,CN=Users,DC=vulnAD,DC=lab",vulnAD.lab/Users/Donetta Rebekah
janaya.damaris,Janaya Damaris,TRUE,FALSE,FALSE,FALSE,FALSE,FALSE,TRUE,FALSE,,,,FALSE,TRUE,,23,FALSE,FALSE,FALSE,FALSE,FALSE,,,,,,513,S-1-5-21-3315857282-1874637017-3390236716-1178,,,,,,,,,05/03/2024 15:47,,,,,,,,512,Janaya,,Damaris,,05/03/2024 15:47,05/03/2024 15:47,"CN=Janaya Damaris,CN=Users,DC=vulnAD,DC=lab",vulnAD.lab/Users/Janaya Damaris
anabella.lexy,Anabella Lexy,TRUE,FALSE,FALSE,FALSE,FALSE,FALSE,TRUE,FALSE,,,,FALSE,TRUE,,23,FALSE,FALSE,FALSE,FALSE,FALSE,,,,,,513,S-1-5-21-3315857282-1874637017-3390236716-1169,,,,,,,,,05/03/2024 15:47,,,,,,,,512,Anabella,,Lexy,,05/03/2024 15:47,05/03/2024 15:47,"CN=Anabella Lexy,CN=Users,DC=vulnAD,DC=lab",vulnAD.lab/Users/Anabella Lexy
gilberta.maybelle,Gilberta Maybelle,TRUE,FALSE,FALSE,FALSE,FALSE,FALSE,TRUE,FALSE,,,,FALSE,TRUE,,23,FALSE,FALSE,FALSE,FALSE,FALSE,,,,,,513,S-1-5-21-3315857282-1874637017-3390236716-1179,,,,,,,,,05/03/2024 15:47,,,,,,,,512,Gilberta,,Maybelle,,05/03/2024 15:47,05/03/2024 15:47,"CN=Gilberta Maybelle,CN=Users,DC=vulnAD,DC=lab",vulnAD.lab/Users/Gilberta Maybelle
kiele.june,Kiele June,TRUE,FALSE,FALSE,FALSE,FALSE,FALSE,TRUE,FALSE,,,,FALSE,TRUE,,23,FALSE,FALSE,FALSE,FALSE,FALSE,,,,,,513,S-1-5-21-3315857282-1874637017-3390236716-1170,,Shared User,,,,,,,05/03/2024 15:47,,,,,,,,512,Kiele,,June,,05/03/2024 15:47,05/03/2024 15:47,"CN=Kiele June,CN=Users,DC=vulnAD,DC=lab",vulnAD.lab/Users/Kiele June
kippy.marena,Kippy Marena,TRUE,FALSE,FALSE,FALSE,FALSE,FALSE,TRUE,FALSE,,,,FALSE,TRUE,,23,FALSE,FALSE,FALSE,FALSE,FALSE,,,,,,513,S-1-5-21-3315857282-1874637017-3390236716-1180,,,,,,,,,05/03/2024 15:47,,,,,,,,512,Kippy,,Marena,,05/03/2024 15:47,05/03/2024 15:47,"CN=Kippy Marena,CN=Users,DC=vulnAD,DC=lab",vulnAD.lab/Users/Kippy Marena
loren.hermione,Loren Hermione,TRUE,FALSE,FALSE,FALSE,FALSE,FALSE,TRUE,FALSE,,,,FALSE,TRUE,,23,FALSE,FALSE,FALSE,FALSE,FALSE,,,,,,513,S-1-5-21-3315857282-1874637017-3390236716-1181,,,,,,,,,05/03/2024 15:47,,,,,,,,512,Loren,,Hermione,,05/03/2024 15:47,05/03/2024 15:47,"CN=Loren Hermione,CN=Users,DC=vulnAD,DC=lab",vulnAD.lab/Users/Loren Hermione
adeline.reba,Adeline Reba,TRUE,FALSE,FALSE,FALSE,FALSE,FALSE,TRUE,FALSE,,,,FALSE,TRUE,,23,FALSE,FALSE,FALSE,FALSE,FALSE,,,,,,513,S-1-5-21-3315857282-1874637017-3390236716-1191,,,,,,,,,05/03/2024 15:47,,,,,,,,512,Adeline,,Reba,,05/03/2024 15:47,05/03/2024 15:47,"CN=Adeline Reba,CN=Users,DC=vulnAD,DC=lab",vulnAD.lab/Users/Adeline Reba
eliza.lizette,Eliza Lizette,TRUE,FALSE,FALSE,FALSE,FALSE,FALSE,TRUE,FALSE,,,,FALSE,TRUE,,23,FALSE,FALSE,FALSE,FALSE,FALSE,,,,,,513,S-1-5-21-3315857282-1874637017-3390236716-1182,,,,,,,,,05/03/2024 15:47,,,,,,,,512,Eliza,,Lizette,,05/03/2024 15:47,05/03/2024 15:47,"CN=Eliza Lizette,CN=Users,DC=vulnAD,DC=lab",vulnAD.lab/Users/Eliza Lizette
bella.rora,Bella Rora,TRUE,FALSE,FALSE,FALSE,FALSE,FALSE,TRUE,FALSE,,,,FALSE,TRUE,,23,FALSE,FALSE,FALSE,FALSE,FALSE,,,,,,513,S-1-5-21-3315857282-1874637017-3390236716-1192,,,,,,,,,05/03/2024 15:47,,,,,,,,512,Bella,,Rora,,05/03/2024 15:47,05/03/2024 15:47,"CN=Bella Rora,CN=Users,DC=vulnAD,DC=lab",vulnAD.lab/Users/Bella Rora
charmaine.rakel,Charmaine Rakel,TRUE,FALSE,FALSE,FALSE,FALSE,FALSE,TRUE,FALSE,,,,FALSE,TRUE,,23,FALSE,FALSE,FALSE,FALSE,FALSE,,,,,,513,S-1-5-21-3315857282-1874637017-3390236716-1183,,,,,,,,,05/03/2024 15:47,,,,,,,,512,Charmaine,,Rakel,,05/03/2024 15:47,05/03/2024 15:47,"CN=Charmaine Rakel,CN=Users,DC=vulnAD,DC=lab",vulnAD.lab/Users/Charmaine Rakel
maye.jacquelin,Maye Jacquelin,TRUE,FALSE,FALSE,FALSE,FALSE,FALSE,TRUE,FALSE,,,,FALSE,TRUE,,23,FALSE,FALSE,FALSE,FALSE,FALSE,,,,,,513,S-1-5-21-3315857282-1874637017-3390236716-1193,,,,,,,,,05/03/2024 15:47,,,,,,,,512,Maye,,Jacquelin,,05/03/2024 15:47,05/03/2024 15:47,"CN=Maye Jacquelin,CN=Users,DC=vulnAD,DC=lab",vulnAD.lab/Users/Maye Jacquelin
cheslie.alexia,Cheslie Alexia,TRUE,FALSE,FALSE,FALSE,FALSE,FALSE,TRUE,FALSE,,,,TRUE,TRUE,,23,FALSE,FALSE,FALSE,FALSE,FALSE,,,,,,513,S-1-5-21-3315857282-1874637017-3390236716-1184,,Replication Account,,,,,,,05/03/2024 15:47,,,,,,,,4194816,Cheslie,,Alexia,,05/03/2024 15:47,26/03/2024 21:45,"CN=Cheslie Alexia,CN=Users,DC=vulnAD,DC=lab",vulnAD.lab/Users/Cheslie Alexia
janelle.gilli,Janelle Gilli,TRUE,FALSE,FALSE,FALSE,FALSE,FALSE,TRUE,FALSE,,,,FALSE,TRUE,,23,FALSE,FALSE,FALSE,FALSE,FALSE,,,,,,513,S-1-5-21-3315857282-1874637017-3390236716-1194,,,,,,,,,05/03/2024 15:47,,,,,,,,512,Janelle,,Gilli,,05/03/2024 15:47,05/03/2024 15:47,"CN=Janelle Gilli,CN=Users,DC=vulnAD,DC=lab",vulnAD.lab/Users/Janelle Gilli
ettie.dori,Ettie Dori,TRUE,FALSE,FALSE,FALSE,FALSE,FALSE,TRUE,FALSE,,,,FALSE,TRUE,,23,FALSE,FALSE,FALSE,FALSE,FALSE,,,,,,513,S-1-5-21-3315857282-1874637017-3390236716-1185,,Shared User,,,,,,,05/03/2024 15:47,,,,,,,,512,Ettie,,Dori,,05/03/2024 15:47,05/03/2024 15:47,"CN=Ettie Dori,CN=Users,DC=vulnAD,DC=lab",vulnAD.lab/Users/Ettie Dori
kyla.deni,Kyla Deni,TRUE,FALSE,FALSE,FALSE,FALSE,FALSE,TRUE,FALSE,,,,FALSE,TRUE,,23,FALSE,FALSE,FALSE,FALSE,FALSE,,,,,,513,S-1-5-21-3315857282-1874637017-3390236716-1195,,,,,,,,,05/03/2024 15:47,,,,,,,,512,Kyla,,Deni,,05/03/2024 15:47,05/03/2024 15:47,"CN=Kyla Deni,CN=Users,DC=vulnAD,DC=lab",vulnAD.lab/Users/Kyla Deni
patty.ericka,Patty Ericka,TRUE,FALSE,FALSE,FALSE,FALSE,FALSE,TRUE,FALSE,,,,FALSE,TRUE,,23,FALSE,FALSE,FALSE,FALSE,FALSE,,,,,,513,S-1-5-21-3315857282-1874637017-3390236716-1186,,,,,,,,,05/03/2024 15:47,,,,,,,,512,Patty,,Ericka,,05/03/2024 15:47,05/03/2024 15:47,"CN=Patty Ericka,CN=Users,DC=vulnAD,DC=lab",vulnAD.lab/Users/Patty Ericka
andra.angele,Andra Angele,TRUE,FALSE,FALSE,FALSE,FALSE,FALSE,TRUE,FALSE,,,,FALSE,TRUE,,23,FALSE,FALSE,FALSE,FALSE,FALSE,,,,,,513,S-1-5-21-3315857282-1874637017-3390236716-1196,,,,,,,,,05/03/2024 15:47,,,,,,,,512,Andra,,Angele,,05/03/2024 15:47,05/03/2024 15:47,"CN=Andra Angele,CN=Users,DC=vulnAD,DC=lab",vulnAD.lab/Users/Andra Angele
kore.cindee,Kore Cindee,TRUE,FALSE,FALSE,FALSE,FALSE,FALSE,TRUE,FALSE,,,,FALSE,TRUE,,23,FALSE,FALSE,FALSE,FALSE,FALSE,,,,,,513,S-1-5-21-3315857282-1874637017-3390236716-1187,,,,,,,,,05/03/2024 15:47,,,,,,,,512,Kore,,Cindee,,05/03/2024 15:47,05/03/2024 15:47,"CN=Kore Cindee,CN=Users,DC=vulnAD,DC=lab",vulnAD.lab/Users/Kore Cindee
portia.stephanie,Portia Stephanie,TRUE,FALSE,FALSE,FALSE,FALSE,FALSE,TRUE,FALSE,,,,FALSE,TRUE,,23,FALSE,FALSE,FALSE,FALSE,FALSE,,,,,,513,S-1-5-21-3315857282-1874637017-3390236716-1197,,,,,,,,,05/03/2024 15:47,,,,,,,,512,Portia,,Stephanie,,05/03/2024 15:47,05/03/2024 15:47,"CN=Portia Stephanie,CN=Users,DC=vulnAD,DC=lab",vulnAD.lab/Users/Portia Stephanie
mikaela.elisabeth,Mikaela Elisabeth,TRUE,FALSE,FALSE,FALSE,FALSE,FALSE,TRUE,FALSE,,,,FALSE,TRUE,,23,FALSE,FALSE,FALSE,FALSE,FALSE,,,,,,513,S-1-5-21-3315857282-1874637017-3390236716-1188,,,,,,,,,05/03/2024 15:47,,,,,,,,512,Mikaela,,Elisabeth,,05/03/2024 15:47,05/03/2024 15:47,"CN=Mikaela Elisabeth,CN=Users,DC=vulnAD,DC=lab",vulnAD.lab/Users/Mikaela Elisabeth
bobby.irina,Bobby Irina,TRUE,FALSE,FALSE,FALSE,FALSE,FALSE,TRUE,FALSE,,,,FALSE,TRUE,,23,FALSE,FALSE,FALSE,FALSE,FALSE,,,,,,513,S-1-5-21-3315857282-1874637017-3390236716-1198,,,,,,,,,05/03/2024 15:47,,,,,,,,512,Bobby,,Irina,,05/03/2024 15:47,05/03/2024 15:47,"CN=Bobby Irina,CN=Users,DC=vulnAD,DC=lab",vulnAD.lab/Users/Bobby Irina
gretna.rosalind,Gretna Rosalind,TRUE,FALSE,FALSE,FALSE,FALSE,FALSE,TRUE,FALSE,,,,FALSE,TRUE,,23,FALSE,FALSE,FALSE,FALSE,FALSE,,,,,,513,S-1-5-21-3315857282-1874637017-3390236716-1189,,,,,,,,,05/03/2024 15:47,,,,,,,,512,Gretna,,Rosalind,,05/03/2024 15:47,05/03/2024 15:47,"CN=Gretna Rosalind,CN=Users,DC=vulnAD,DC=lab",vulnAD.lab/Users/Gretna Rosalind
freida.estrella,Freida Estrella,TRUE,FALSE,FALSE,FALSE,FALSE,FALSE,TRUE,FALSE,,,,FALSE,TRUE,,23,FALSE,FALSE,FALSE,FALSE,FALSE,,,,,,513,S-1-5-21-3315857282-1874637017-3390236716-1199,,,,,,,,,05/03/2024 15:47,,,,,,,,512,Freida,,Estrella,,05/03/2024 15:47,05/03/2024 15:47,"CN=Freida Estrella,CN=Users,DC=vulnAD,DC=lab",vulnAD.lab/Users/Freida Estrella
romona.alyse,Romona Alyse,TRUE,FALSE,FALSE,FALSE,FALSE,FALSE,TRUE,FALSE,,,,FALSE,TRUE,,23,FALSE,FALSE,FALSE,FALSE,FALSE,,,,,,513,S-1-5-21-3315857282-1874637017-3390236716-1190,,,,,,,,,05/03/2024 15:47,,,,,,,,512,Romona,,Alyse,,05/03/2024 15:47,05/03/2024 15:47,"CN=Romona Alyse,CN=Users,DC=vulnAD,DC=lab",vulnAD.lab/Users/Romona Alyse
laurie.loren,Laurie Loren,TRUE,FALSE,FALSE,FALSE,FALSE,FALSE,TRUE,FALSE,,,,FALSE,TRUE,,23,FALSE,FALSE,FALSE,FALSE,FALSE,,,,,,513,S-1-5-21-3315857282-1874637017-3390236716-1200,,,,,,,,,05/03/2024 15:47,,,,,,,,512,Laurie,,Loren,,05/03/2024 15:47,05/03/2024 15:47,"CN=Laurie Loren,CN=Users,DC=vulnAD,DC=lab",vulnAD.lab/Users/Laurie Loren
rheba.kippar,Rheba Kippar,TRUE,FALSE,FALSE,FALSE,FALSE,FALSE,TRUE,FALSE,,,,FALSE,TRUE,,23,FALSE,FALSE,FALSE,FALSE,FALSE,,,,,,513,S-1-5-21-3315857282-1874637017-3390236716-1201,,,,,,,,,05/03/2024 15:47,,,,,,,,512,Rheba,,Kippar,,05/03/2024 15:47,05/03/2024 15:47,"CN=Rheba Kippar,CN=Users,DC=vulnAD,DC=lab",vulnAD.lab/Users/Rheba Kippar
kerri.cordula,Kerri Cordula,TRUE,FALSE,FALSE,FALSE,FALSE,FALSE,TRUE,FALSE,,,,FALSE,TRUE,,23,FALSE,FALSE,FALSE,FALSE,FALSE,,,,,,513,S-1-5-21-3315857282-1874637017-3390236716-1202,,,,,,,,,05/03/2024 15:47,,,,,,,,512,Kerri,,Cordula,,05/03/2024 15:47,05/03/2024 15:47,"CN=Kerri Cordula,CN=Users,DC=vulnAD,DC=lab",vulnAD.lab/Users/Kerri Cordula
bari.jessa,Bari Jessa,TRUE,FALSE,FALSE,FALSE,FALSE,FALSE,TRUE,FALSE,,,,FALSE,TRUE,,23,FALSE,FALSE,FALSE,FALSE,FALSE,,,,,,513,S-1-5-21-3315857282-1874637017-3390236716-1203,,,,,,,,,05/03/2024 15:47,,,,,,,,512,Bari,,Jessa,,05/03/2024 15:47,05/03/2024 15:47,"CN=Bari Jessa,CN=Users,DC=vulnAD,DC=lab",vulnAD.lab/Users/Bari Jessa
nada.juieta,Nada Juieta,TRUE,FALSE,FALSE,FALSE,FALSE,FALSE,TRUE,FALSE,,,,FALSE,TRUE,,23,FALSE,FALSE,FALSE,FALSE,FALSE,,,,,,513,S-1-5-21-3315857282-1874637017-3390236716-1204,,,,,,,,,05/03/2024 15:47,,,,,,,,512,Nada,,Juieta,,05/03/2024 15:47,05/03/2024 15:47,"CN=Nada Juieta,CN=Users,DC=vulnAD,DC=lab",vulnAD.lab/Users/Nada Juieta
ARiaz,Awais Riaz (DA),TRUE,FALSE,FALSE,FALSE,FALSE,FALSE,TRUE,FALSE,,,,FALSE,FALSE,0,19,FALSE,FALSE,FALSE,FALSE,TRUE,,,,,1,513,S-1-5-21-3315857282-1874637017-3390236716-1216,,,,,,,,28/03/2024 17:13,08/03/2024 21:35,,,,,,,,544,Awais,,Riaz,,08/03/2024 21:35,28/03/2024 17:13,"CN=Awais Riaz (DA),CN=Users,DC=vulnAD,DC=lab",vulnAD.lab/Users/Awais Riaz (DA)
svc_Exchange,svc_Exchange,TRUE,FALSE,FALSE,TRUE,FALSE,FALSE,TRUE,FALSE,,,,TRUE,TRUE,,17,FALSE,FALSE,FALSE,FALSE,FALSE,,,,,1,513,S-1-5-21-3315857282-1874637017-3390236716-1217,,,,,,,,,11/03/2024 15:59,,,,,,,,4260352,,,,,11/03/2024 15:59,11/03/2024 17:15,"CN=svc_Exchange,CN=Users,DC=vulnAD,DC=lab",vulnAD.lab/Users/svc_Exchange
svc_SQLServer,svc_SQLServer,TRUE,FALSE,FALSE,TRUE,FALSE,FALSE,TRUE,FALSE,,,,TRUE,TRUE,,17,FALSE,FALSE,FALSE,FALSE,FALSE,,,,,,513,S-1-5-21-3315857282-1874637017-3390236716-1218,,,,,,,,,11/03/2024 16:16,,,,,,,,4260352,,,,,11/03/2024 16:16,12/03/2024 14:18,"CN=svc_SQLServer,CN=Users,DC=vulnAD,DC=lab",vulnAD.lab/Users/svc_SQLServer
